Lip,Li,Ld,Lb
1.284,1.132,2.798,1.436
1.139,1.232,3.14,1.352
1.325,1.234,3.371,1.336
1.139,1.093,3.034,1.29
0.944,1.139,3.044,1.487
1.292,1.289,2.475,1.382
1.535,1.316,3.097,1.564
1.171,1.362,2.535,1.518
1.368,1.32,2.847,1.425
0.926,1.362,2.994,1.523
1.218,1.134,3.325,1.343
1.079,1.149,2.563,1.285
1.118,1.149,2.622,1.265
1.335,1.035,2.726,1.395
1.124,1.084,2.604,1.089
1.171,1.1,2.407,1.333
0.944,0.99,3.235,1.438
0.923,1.247,2.867,1.494
1.335,1.023,2.541,1.294
1.006,1.104,3.194,1.298
1.004,1.071,2.386,1.089
1.006,1.016,3.536,1.367
1.297,0.99,2.861,1.512
1.079,1.122,2.349,1.087
1.338,1.313,2.639,1.467
1.189,1.197,2.521,1.283
1.093,1.096,2.994,1.185
1.138,1.279,2.907,1.391
0.926,0.986,2.698,1.205
1.454,1.346,3.093,1.441
1.124,1.08,2.61,1.142
1.098,1.253,2.762,1.218
1.065,1.33,3.067,1.432
1.005,1.413,3.149,1.664
1.189,1.058,2.74,1.143
1.138,1.166,2.772,1.406
1.065,1.207,2.769,1.454
1.235,1.3,2.545,1.197
1.297,1.246,3.563,1.755
1.338,1.116,2.345,1.273
1.146,1.305,2.658,1.452
0.923,0.954,3.043,1.263
1.261,1.077,3.486,1.339
1.235,1.353,2.869,1.076
1.454,1.269,3.578,1.455
1.098,0.994,3.013,1.021
1.172,1.066,2.466,1.223
0.99,1.111,2.75,1.389
1.368,1.223,2.406,1.249
1.261,1.274,3.036,1.275
0.92,0.927,2.944,1.338
0.99,1.053,2.7,1.314
1.004,1.227,2.414,1.293
1.112,1.214,2.945,1.288
1.146,1.151,3.066,1.499
1.438,1.647,3.233,1.63
1.208,1.187,2.819,1.162
1.214,1.125,2.958,1.115
1.208,1.207,2.657,1.166
1.064,1.209,2.635,1.23
1.146,1.151,3.293,1.499
1.184,1.323,2.983,1.684
1.062,1.258,2.994,1.417
1.457,1.408,2.865,1.625
1.112,1.078,2.743,1.107
1.005,1.294,3.24,1.392
1.184,0.904,2.968,1.506
1.184,0.904,2.968,1.522
1.085,1.03,2.902,1.537
1.064,1.373,2.954,1.225
1.115,1.415,3.466,1.615
1.214,1.506,3.253,1.571
1.438,1.379,3.267,1.414
1.271,1.183,2.693,1.471
1.425,1.287,3.349,1.47
1.104,1.111,2.99,1.66
1.139,1.122,3.17,1.573
1.115,1.195,2.837,1.43
1.139,1.126,2.988,1.489
1.238,1.192,2.411,1.223
0.943,1.174,2.752,1.384
1.183,1.381,3.204,1.33
0.92,1.182,3.56,1.527
1.183,1.289,2.896,1.068
1.093,0.965,3.351,1.747
1.174,1.322,3.544,1.456
1.2,1.313,3.127,1.499
1.072,1.247,3.286,1.609
1.2,1.235,3.074,1.478
0.981,1.255,2.878,1.395
1.172,1.296,3.358,1.362
1.114,0.978,3.341,1.628
1.181,1.25,2.224,1.411
0.943,1.11,2.723,1.511
1.114,1.007,3.153,1.734
1.145,1.148,2.565,1.233
1.271,1.28,3.243,1.403
1.16,1.279,2.409,1.279
1.261,1.139,3.444,1.129
1.115,1.069,3.944,1.507
1.072,1.119,3.4,1.664
1.238,1.114,2.609,1.401
1.443,1.699,3.242,1.433
0.99,1.09,2.958,1.526
1.093,1.071,3.155,1.654
1.085,1.183,3.147,1.593
1.452,1.416,2.807,1.498
1.284,1.128,3.155,1.346
1.147,1.132,3.28,1.52
1.085,1.041,2.835,1.298
1.016,1.189,3.291,1.771
0.99,1.13,2.763,1.531
1.16,1.102,2.535,1.129
0.988,1.038,2.945,1.355
1.284,1.253,3.775,1.593
1.085,1.118,3.07,1.359
1.181,1.084,2.373,1.1
1.005,1.21,3.261,1.184
1.028,1.07,2.354,1.015
1.317,1.206,2.568,1.499
1.035,1.159,2.742,1.317
1.488,1.333,3.527,1.533
1.062,1.103,3.071,1.296
1.33,1.314,2.852,1.298
1.016,1.238,3.271,1.659
1.058,0.916,3.149,1.307
1.035,1.112,2.562,1.227
1.362,1.464,2.981,1.543
1.166,1.399,2.704,1.399
1.149,1.075,2.718,1.293
1.145,1.285,3.12,1.304
1.005,0.94,2.717,1.219
1.058,1.01,3.186,1.418
1.443,1.248,3.395,1.22
1.166,1.027,3.087,1.242
0.981,1.113,3.045,1.297
1.39,1.236,2.714,1.337
1.26,1.148,2.692,1.217
1.149,1.036,2.646,1.169
1.346,1.309,2.819,1.489
0.99,1.103,2.86,1.362
1.023,1.206,2.406,1.221
1.32,1.337,3.022,1.292
1.197,1.225,2.745,1.234
1.023,1.227,2.86,1.117
1.346,1.214,2.828,1.464
0.965,1.1,2.783,1.512
1.313,1.081,2.786,1.248
1.422,1.389,3.125,1.355
1.317,1.28,2.829,1.402
1.147,1.236,3.185,1.623
0.927,1.116,3.336,1.431
1.279,1.156,3.44,1.33
1.33,1.562,3.155,1.303
1.182,1.126,3.413,1.642
1.109,1.358,3.077,1.475
1.415,1.322,3.315,1.738
0.927,1.029,3.022,1.327
1.279,1.318,3.454,1.36
1.182,1.17,3.285,1.745
1.08,1.254,3.435,1.288
1.071,1.167,3.163,1.14
1.362,1.134,3.077,1.294
1.39,1.384,2.644,1.413
1.362,1.176,2.724,1.224
1.109,1.008,2.64,1.09
1.028,1.205,3.274,0.994
0.986,1.199,3.278,1.473
1.229,1.388,3.248,1.421
1.122,1.158,3.086,1.158
1.209,1.433,3.438,1.433
1.145,1.026,2.596,1.314
1.305,1.179,3.658,1.208
1.145,1.013,2.934,1.379
1.313,1.164,2.856,1.229
1.189,1.384,3.338,1.671
1.187,1.176,3.376,1.195
0.986,1.095,2.914,1.139
1.058,1.228,3.352,1.277
0.994,1.319,2.813,1.28
1.132,1.132,2.915,1.601
1.323,1.16,2.741,1.398
0.994,1.2,3.793,1.603
1.258,1.53,4.174,1.509
1.17,1.34,3.45,1.302
1.187,1.333,3.36,1.443
1.313,1.257,3.525,1.523
1.122,1.127,3.857,1.443
1.294,1.35,3.269,1.669
1.189,1.267,3.435,1.565
0.916,1.11,3.175,1.511
1.066,1.327,3.838,1.327
1.058,1.292,3.094,1.229
1.289,1.141,3.28,1.34
1.422,1.138,2.94,1.144
1.3,1.131,3.741,1.16
1.145,1.22,3.628,1.471
1.038,0.966,3.216,1.483
1.071,1.079,3.495,1.087
1.122,1.08,2.688,1.058
1.345,1.505,3.749,1.497
1.09,1.039,3.582,1.354
0.916,0.892,3.169,1.432
1.379,1.396,3.695,1.598
1.09,1.146,3.493,1.386
1.381,1.613,3.212,1.692
1.235,1.319,4.228,1.454
1.323,1.231,3.403,1.471
1.235,1.255,3.52,1.445
1.319,1.444,3.463,1.397
1.197,1.203,3.083,1.244
1.258,1.138,3.968,1.355
1.361,1.155,3.163,1.103
1.025,1.134,3.617,1.1
1.255,1.245,3.056,1.314
1.345,1.448,3.344,1.302
1.038,0.898,3.389,1.273
1.352,1.344,4.047,1.282
1.01,1.121,3.208,1.579
1.285,1.324,3.692,1.541
1.206,1.176,3.355,1.193
1.183,1.253,3.44,1.284
1.243,1.136,3.713,1.217
1.116,1.064,2.729,1.586
1.179,1.395,3.205,1.449
1.29,1.441,3.313,1.441
1.132,1.056,3.329,1.431
1.29,1.387,3.941,1.416
1.103,1.023,3.562,1.345
1.035,1.525,3.466,1.578
1.238,1.142,3.358,1.521
1.274,1.252,3.077,1.373
1.01,1.073,3.531,1.388
1.285,0.995,3.444,1.404
1.21,1.153,3.39,1.61
1.116,1.193,3.156,1.573
1.313,1.213,3.346,1.349
1.179,1.353,3.371,1.164
1.238,1.19,3.473,1.61
1.314,1.367,3.342,1.345
1.166,1.108,3.311,1.282
1.21,1.144,3.231,1.56
1.294,1.146,2.916,1.402
1.077,1.064,3.053,1.461
1.077,1.269,3.683,1.554
1.206,1.243,3.752,1.276
1.289,1.297,3.249,1.398
1.139,1.09,3.876,1.724
1.318,1.137,2.835,1.532
1.103,1.169,3.697,1.546
1.13,1.265,3.523,1.295
1.148,1.378,4.373,1.374
1.255,1.117,3.379,1.324
1.041,1.026,3.101,1.244
1.259,1.338,3.72,1.32
1.027,1.049,4.109,1.281
1.53,1.635,3.433,2.049
1.358,1.515,3.053,1.437
1.42,1.247,3.13,1.564
1.197,1.288,3.589,1.288
1.118,1.298,3.827,1.542
1.318,1.38,3.754,1.78
1.029,1.115,3.268,1.463
1.439,1.573,3.507,1.496
1.562,1.577,3.195,1.543
1.053,1.075,3.297,1.202
1.145,1.295,2.986,1.155
1.041,1.069,3.792,1.389
1.167,1.313,3.349,1.566
1.358,1.207,3.536,1.463
1.314,1.401,3.268,1.373
1.118,1.213,3.623,1.399
1.243,1.159,4.449,1.404
1.093,1.118,3.167,1.288
1.102,1.182,3.325,1.125
1.035,1.279,3.471,1.328
1.075,1.238,2.935,1.311
1.156,1.097,2.834,1.401
1.384,1.211,3.473,1.678
1.156,1.407,3.562,1.847
1.207,1.246,3.928,1.3
1.039,1.217,3.39,1.821
1.384,1.148,3.197,1.458
1.17,1.181,3.266,1.595
1.008,1.168,3.245,1.315
1.075,1.186,4.171,1.29
1.093,1.262,3.243,1.346
1.205,1.429,3.455,1.472
1.227,1.413,3.771,1.394
1.008,1.04,3.047,1.118
1.319,1.118,3.565,1.457
1.146,1.19,3.395,1.912
1.026,1.024,3.094,1.211
1.032,1.137,3.276,1.4
1.389,1.431,3.328,1.504
1.07,1.367,3.425,1.173
1.258,1.317,3.496,1.777
1.205,1.426,3.801,1.605
1.039,0.964,3.185,1.551
1.113,1.265,3.327,1.509
1.139,1.143,3.411,1.551
1.176,1.388,3.141,1.665
1.206,1.131,3.484,1.158
1.025,1.171,3.865,1.187
1.236,0.95,3.146,1.341
1.199,1.05,3.069,1.427
1.269,1.32,3.418,1.777
1.258,1.245,3.683,1.759
1.199,1.293,3.446,1.691
0.975,1.152,3.416,1.75
1.28,1.236,3.36,1.298
1.148,1.219,3.631,1.203
1.079,1.254,3.643,1.726
1.319,1.071,2.654,1.223
1.203,1.217,2.955,1.384
1.324,1.23,3.327,1.816
1.387,1.428,3.489,1.922
1.255,1.124,3.55,1.557
1.158,1.323,2.842,1.61
1.136,1.149,3.419,1.756
1.269,1.258,3.876,1.614
0.898,0.986,2.578,1.548
1.141,1.334,3.352,1.651
1.236,1.049,3.619,1.662
1.28,1.299,3.088,1.333
1.333,1.243,4.009,1.547
1.158,1.107,2.763,1.293
1.333,1.337,3.916,1.641
1.35,1.303,2.917,1.476
1.257,0.992,3.344,1.544
1.023,0.881,3.355,1.562
1.141,1.055,3.172,1.417
1.312,1.329,3.128,1.434
1.145,1.205,3.772,1.268
0.966,1.05,2.914,1.401
1.118,1.157,4.152,1.521
1.279,1.084,3.464,1.075
1.037,1.094,3.602,1.801
1.324,1.087,3.704,1.654
1.167,1.148,3.205,1.345
1.245,1.089,3.237,1.556
1.228,1.365,3.967,1.828
1.032,0.995,3.562,1.299
1.029,1.049,3.533,1.379
1.257,1.128,3.318,1.788
1.023,1.095,3.3,1.792
1.292,1.411,3.176,1.526
0.966,1.134,2.981,1.631
1.079,1.144,3.74,1.696
1.136,1.297,3.567,1.757
1.102,1.224,2.803,1.195
1.505,1.544,3.464,1.753
1.176,1.178,3.262,1.462
0.898,1.182,2.826,1.635
1.113,1.066,3.936,1.322
1.176,1.367,3.277,1.577
1.225,1.314,3.083,1.241
1.387,1.387,3.114,1.708
1.483,1.222,3.581,1.73
1.11,0.838,3.005,1.324
1.169,1.031,3.093,1.614
1.01,1.153,3.465,1.694
1.131,1.511,3.764,1.91
1.09,1.101,3.254,1.773
1.159,1.209,2.9,1.151
1.134,1.148,4.097,1.734
1.17,1.086,3.892,1.876
1.35,1.325,3.096,1.577
0.975,1.104,3.744,1.58
1.037,0.94,3.377,1.431
1.483,1.288,3.792,1.925
1.193,1.104,2.856,1.418
0.892,0.944,3.235,1.436
1.11,1.141,3.478,1.703
1.118,1.07,3.982,1.658
1.176,1.179,3.602,1.548
0.892,1.09,3.63,1.496
1.01,1.134,3.516,1.67
1.297,1.075,3.444,1.401
1.505,1.329,3.815,1.826
1.525,1.499,3.231,1.659
1.248,1.26,3.409,1.52
1.448,1.408,2.829,1.613
1.132,1.259,3.482,1.421
1.169,1.143,3.633,1.833
1.312,1.352,3.658,1.415
1.134,0.956,3.554,1.716
1.353,1.21,2.976,1.57
1.069,1.037,3.342,1.643
1.17,1.002,3.196,1.541
1.367,1.325,3.51,1.499
1.182,1.128,2.815,1.597
1.313,1.156,3.28,1.649
1.115,0.901,2.972,1.378
1.213,0.812,3.132,1.55
1.137,1.169,3.694,1.374
1.248,1.095,2.999,1.314
1.115,1.187,3.033,1.703
1.117,1.091,3.223,1.6
1.429,1.184,3.412,1.648
1.16,1.12,2.615,1.111
1.159,1.252,2.721,1.195
1.146,1.164,3.087,1.445
1.213,1.131,3.398,1.524
1.08,1.172,3.181,1.308
1.313,1.2,3.413,1.624
1.367,1.514,3.456,1.651
1.099,1.034,3.145,1.417
1.09,1.068,3.527,1.887
1.426,1.358,3.326,1.983
1.426,1.216,3.213,1.733
1.429,1.348,3.184,1.705
1.288,1.157,3.57,1.674
1.297,1.384,3.825,1.806
0.95,0.833,3.406,1.524
1.337,1.057,2.921,1.909
1.04,1.342,3.11,1.525
1.395,1.171,3.187,1.401
1.407,1.152,3.752,1.697
1.317,1.113,3.745,1.613
1.515,1.526,3.781,1.566
1.217,1.009,3.437,1.524
1.053,1.092,3.765,1.326
1.182,1.213,3.12,1.565
1.097,0.882,2.736,1.26
1.401,1.244,3.23,1.56
1.219,1.291,3.126,1.723
1.081,1.319,3.704,1.819
1.152,1.182,3.3,1.64
1.407,1.013,3.098,1.655
1.292,1.17,3.812,1.362
1.228,1.19,3.769,1.407
1.095,1.295,3.202,1.295
1.243,1.185,3.149,1.874
1.219,1.144,3.093,1.733
1.401,1.348,3.553,1.496
1.337,1.131,3.316,1.844
1.026,1.138,3.416,1.444
1.157,1.147,3.76,2.134
1.243,1.065,3.066,1.818
1.23,2.079,2.718,1.263
1.168,1.281,3.425,1.613
1.573,1.148,3.676,1.406
1.146,1.157,3.229,1.278
1.137,1.281,3.523,1.361
1.157,0.835,3.322,1.755
1.026,0.883,3.08,1.421
1.407,1.608,3.682,1.619
0.95,0.718,3.303,1.423
1.137,1.188,3.274,1.514
1.081,0.987,3.631,1.601
1.21,1.078,3.098,1.784
1.23,1.22,2.857,1.441
1.152,1.156,3.417,1.592
1.293,1.141,3.255,1.64
0.964,0.903,3.389,1.506
1.38,1.045,2.88,1.725
1.187,1.116,3.274,1.924
1.148,1.059,3.905,1.915
1.299,1.251,3.074,1.514
1.168,1.128,3.366,1.473
1.21,1.417,3.615,1.94
1.23,1.253,3.372,1.584
1.075,1.012,3.997,1.483
1.08,1.052,2.992,1.202
1.225,1.283,3.835,1.283
1.143,1.055,4.914,1.707
0.964,0.966,3.519,1.509
1.299,0.999,2.912,1.397
1.095,1.253,3.925,1.432
1.171,1.54,3.62,1.782
1.094,1.052,3.599,1.639
1.094,1.045,3.425,1.784
1.245,1.148,3.21,1.761
1.245,1.064,3.634,1.722
0.881,0.974,3.351,1.585
1.086,1.079,3.729,1.97
0.995,1.051,3.331,1.669
1.187,1.165,3.187,1.882
1.095,1.08,3.302,1.605
0.881,0.887,3.525,1.615
1.148,1.049,3.78,1.967
1.128,1.055,3.517,1.547
1.411,1.311,2.697,1.532
1.095,1.023,3.638,1.487
1.431,1.533,3.075,1.319
1.049,1.073,3.406,1.704
1.431,1.39,2.887,1.596
1.236,1.104,3.624,1.613
1.07,1.12,3.719,2.013
1.325,1.252,2.671,1.576
1.04,1.096,3.359,1.357
1.09,1.065,3.198,1.707
1.104,1.012,3.554,1.745
1.055,1.139,3.735,1.568
1.104,1.033,3.176,1.809
1.209,1.113,2.598,1.488
1.055,0.969,3.192,1.45
1.2,1.136,2.836,1.625
1.07,0.942,3.391,1.793
1.037,0.791,3.268,1.578
1.573,1.389,3.653,1.918
1.086,1.032,3.363,1.727
1.148,1.207,2.891,1.604
1.511,1.373,3.402,1.877
1.329,1.246,2.93,1.514
1.329,1.194,2.962,1.476
0.956,1.065,3.309,1.712
1.101,1.149,3.543,1.642
1.21,1.269,2.998,1.401
0.812,0.934,3.17,1.523
0.833,1.044,3.314,1.686
0.944,1.132,3.624,1.679
1.037,0.887,3.16,1.637
0.944,0.848,3.492,1.328
1.236,1.098,3.435,1.557
1.131,1.089,3.33,1.698
1.209,1.181,2.993,1.286
1.131,0.837,3.414,1.45
1.097,1.187,3.571,1.369
1.101,0.883,3.243,1.429
1.314,1.103,2.854,1.446
1.511,1.165,3.557,1.616
1.068,1.151,3.494,1.823
1.334,1.071,3.162,1.636
1.12,1.161,2.552,1.393
1.319,0.974,3.688,1.801
1.514,1.373,3.267,1.498
1.152,1.022,4.07,1.683
1.2,1.311,3.566,1.571
1.319,0.854,3.598,1.716
1.514,1.359,3.226,1.795
1.352,1.269,3.309,1.674
1.325,1.052,3.252,1.543
1.187,1.056,3.153,1.434
1.303,1.165,3.185,1.346
1.068,0.921,3.382,1.439
1.334,1.296,3.477,1.581
1.342,1.089,2.737,1.499
0.986,1.065,3.12,1.276
0.812,0.872,3.146,1.426
1.358,1.262,3.671,1.639
1.152,0.891,3.536,1.784
1.411,1.18,3.079,1.494
1.156,1.336,3.8,1.575
1.147,0.988,3.275,1.79
1.164,1.243,3.955,1.63
1.295,1.096,3.232,1.569
1.138,1.072,3.181,1.709
1.325,1.399,3.731,1.832
1.187,1.001,2.882,1.41
1.113,1.086,3.458,1.641
0.882,0.881,2.441,1.241
1.128,1.093,3.282,1.259
1.002,0.946,3.427,1.466
1.148,1.127,2.886,1.466
1.134,1.075,3.389,1.484
1.128,1.232,3.148,1.37
0.718,0.764,2.94,1.449
1.172,1.073,3.113,1.613
0.987,0.794,3.391,1.759
1.358,1.161,3.46,1.518
0.956,0.998,3.347,1.554
1.352,1.222,3.556,1.747
1.107,1.044,3.034,1.228
2.079,1.091,3.039,1.287
1.009,1.051,3.547,1.792
0.882,0.852,2.729,1.258
1.002,0.939,3.823,1.561
1.17,1.682,3.73,1.836
1.17,1.016,3.539,1.798
1.295,1.237,3.052,1.446
1.253,1.171,3.699,1.907
0.901,0.902,3.624,1.418
1.252,1.34,3.499,1.45
1.147,0.908,3.961,1.784
1.185,1.021,2.914,1.35
1.314,1.256,3.482,1.501
2.079,1.08,3.076,1.32
1.342,1.239,3.204,1.448
0.903,0.821,3.11,1.524
1.156,1.277,3.954,1.589
1.065,1.151,3.006,1.565
0.718,0.779,3.689,1.672
0.835,0.759,2.939,1.463
0.974,1.148,2.701,1.623
1.281,1.147,3.648,1.758
1.164,1.053,3.194,1.264
1.079,1.051,3.697,1.737
1.012,1.131,3.721,1.993
1.138,0.822,3.171,1.531
1.188,1.07,3.395,1.582
1.185,1.146,3.527,1.598
1.079,0.961,3.645,1.822
1.216,1.177,3.58,1.412
1.216,1.252,3.916,1.614
0.903,0.961,3.773,1.651
0.901,0.852,3.324,1.335
1.213,1.033,3.42,1.424
0.966,0.928,3.217,1.693
1.012,1.018,3.93,1.846
0.966,1.004,3.43,1.613
1.157,1.034,3.17,1.534
1.182,1.103,3.302,1.327
1.172,1.148,3.509,1.39
1.065,0.972,3.63,1.383
0.887,0.878,3.275,1.66
1.182,0.838,3.863,1.326
0.883,0.825,3.125,1.546
1.291,0.999,3.678,1.458
0.986,0.968,3.383,1.151
1.283,1.176,3.374,1.865
0.987,0.758,4.187,1.666
2.1,2.184,3.229,1.532
2.184,2.104,3.001,1.704
2.1,2.036,2.781,1.453
2.184,2.201,3.183,1.526
1.567,1.711,2.721,1.259
1.567,1.902,2.976,1.255
2.053,1.8,2.708,1.488
1.918,1.95,2.812,1.612
1.825,2.039,3.021,1.439
1.825,1.941,2.873,1.363
1.996,1.652,2.657,1.197
2.171,1.812,2.795,1.752
2.171,1.698,2.648,1.56
2.177,2.011,3.127,1.739
1.629,2.141,2.823,1.469
1.629,1.519,2.539,1.448
2.046,2.353,3.156,1.758
2.353,2.407,2.876,1.754
2.046,1.674,2.839,1.526
2.353,1.88,2.816,1.416
2.141,2.331,3.52,1.734
2.331,2.216,3.169,1.875
2.141,2.054,3.203,1.369
1.465,1.488,2.638,1.282
1.815,1.74,2.634,1.456
1.575,1.611,2.687,1.349
1.465,1.71,2.818,1.233
2.039,1.904,2.851,1.641
1.904,1.894,2.961,1.58
1.892,1.758,2.816,1.237
2.039,1.566,2.745,1.407
1.566,1.76,2.963,1.409
1.546,1.992,3.208,1.366
1.992,1.64,2.576,1.565
1.483,1.572,2.557,1.49
1.344,1.678,2.612,1.342
1.454,1.474,2.476,1.31
1.474,1.684,3.248,1.188
1.483,1.34,2.537,1.258
1.344,1.439,2.481,1.2
1.992,1.689,2.603,1.601
2.02,2.388,3.378,1.664
2.02,1.67,2.586,1.354
1.614,1.489,2.442,1.291
1.614,1.496,2.574,1.215
2.025,1.993,2.881,1.852
1.913,1.926,3.14,1.554
1.913,1.675,2.725,1.604
1.675,1.759,2.93,1.234
2.025,1.888,3.149,1.646
2.154,2.054,3.112,1.697
2.154,1.748,2.769,1.493
1.708,1.966,3.203,1.541
1.966,2.1,3.372,1.843
1.672,1.838,2.481,1.476
1.708,1.63,2.663,1.238
1.672,1.749,2.735,1.377
1.949,2.211,3.166,1.667
2.211,2.437,3.342,1.625
1.949,1.849,3.099,1.083
1.968,1.593,2.518,1.263
1.589,1.8,2.543,1.574
1.723,1.597,2.655,1.55
1.443,1.445,2.51,1.28
1.443,1.849,2.938,1.188
1.723,1.688,2.655,1.647
1.688,1.651,2.356,1.439
1.597,1.595,2.981,1.281
1.881,1.882,2.496,1.463
1.882,1.574,2.006,1.383
1.54,1.763,2.909,1.273
1.706,1.826,2.506,1.275
1.711,1.965,2.725,1.383
1.503,1.42,2.499,1.184
1.402,1.327,2.541,1.205
1.327,1.697,2.791,1.286
1.402,1.526,2.681,1.278
1.642,1.566,2.563,1.228
1.731,1.737,2.771,1.303
2.014,1.935,2.832,1.619
1.792,1.561,2.589,1.398
2.332,1.699,2.695,1.711
2.332,1.607,2.639,1.509
1.699,1.823,2.537,1.261
2.168,1.96,3.006,1.682
2.168,1.583,2.404,1.402
2.328,2.082,3.155,1.802
1.894,1.522,2.635,1.417
2.328,1.829,2.875,1.631
1.58,1.443,2.978,1.289
1.43,1.456,2.318,1.294
1.741,1.855,3.126,1.584
2.051,1.658,2.306,1.492
1.395,1.511,2.565,1.166
1.511,1.976,3.359,1.34
1.741,1.713,2.726,1.459
1.97,2.131,3.502,1.708
1.719,1.792,3.345,1.3
1.97,1.821,3.178,1.327
1.985,1.667,3.158,1.586
1.985,1.471,2.47,1.394
1.471,1.539,2.617,1.264
1.569,1.334,2.59,1.201
1.471,1.433,2.502,1.206
2.007,2.285,3.269,1.647
2.285,1.995,2.962,1.746
2.007,1.836,3.32,1.35
1.436,1.572,2.673,1.214
1.436,1.378,2.309,1.231
1.656,1.803,2.779,1.355
1.656,1.922,3.885,1.441
2.191,2.319,3.191,1.673
2.018,2.098,2.485,1.646
2.165,1.529,2.607,1.43
1.935,1.864,2.993,1.65
1.653,1.681,2.857,1.389
1.699,1.707,2.761,1.557
1.699,1.856,2.68,1.368
2.1,2.118,3.189,1.92
1.778,1.599,2.45,1.248
1.633,1.898,2.829,1.335
1.898,1.704,2.562,1.505
1.66,1.506,2.695,1.303
1.633,1.619,2.448,1.357
1.619,1.799,3.189,1.27
1.75,1.985,2.967,1.495
1.985,1.751,2.833,1.605
1.511,1.403,2.615,1.313
1.55,1.532,2.579,1.306
1.502,1.504,2.649,1.256
1.75,1.661,2.827,1.423
1.661,1.472,2.762,1.411
1.55,1.475,2.53,1.31
1.661,1.597,2.664,1.439
1.985,1.581,2.566,1.362
1.672,1.806,2.944,1.437
1.479,1.425,2.134,1.224
1.479,1.458,2.718,1.144
1.672,1.636,2.477,1.2
1.669,1.551,2.282,1.477
1.905,1.986,3.217,1.549
1.41,1.553,2.47,1.166
1.905,1.827,2.242,1.172
2.031,1.969,2.857,1.739
1.61,1.531,2.859,1.217
1.992,1.663,2.817,1.518
2.031,1.7,2.599,1.294
1.875,2.262,3.469,1.513
1.882,1.724,2.729,1.359
1.875,1.687,2.418,1.293
1.882,2.049,2.909,1.525
1.462,1.781,3.253,1.361
1.462,1.511,2.504,1.221
1.786,1.933,2.921,1.492
1.81,1.99,3.098,1.535
1.436,2.094,3.015,1.058
1.838,2.099,3.172,1.613
1.838,2.236,3.368,1.241
1.389,1.477,2.522,1.119
2.143,2.544,3.211,1.407
2.3,2.329,3.182,1.595
1.525,2.011,3.062,1.217
1.525,1.745,2.868,1.285
2.3,1.838,2.772,1.493
2.586,2.273,3.053,1.93
2.586,2.075,2.96,1.736
2.075,2.085,3.147,1.383
2.273,1.905,2.886,1.482
1.535,1.628,2.512,1.343
1.628,1.804,2.779,1.376
1.302,1.444,2.472,1.138
1.711,2.004,3.459,1.697
2.004,2.177,3.597,1.743
2.177,1.999,3.551,1.816
1.999,2.134,3.475,2.009
1.976,2.15,3.524,1.887
2.15,1.933,3.837,1.834
1.711,2.095,3.635,1.526
2.095,1.831,3.29,1.72
1.976,2.264,3.338,1.97
2.004,2.125,3.545,1.716
2.095,1.855,3.026,1.915
2.177,2.302,3.82,1.781
2.125,1.766,3.17,1.768
1.544,1.67,2.883,1.455
1.866,2.332,3.618,1.397
2.038,2.089,4.263,2.168
1.866,2.382,3.992,1.773
2.038,1.879,3.202,2.063
1.544,1.546,2.89,1.619
1.646,1.712,3.035,1.318
1.712,1.766,3.08,1.374
1.766,1.484,2.802,1.401
1.484,1.512,3.055,1.114
1.768,2.041,3.291,1.629
1.816,1.932,3.292,1.532
1.646,1.78,2.837,1.583
1.78,1.986,3.115,1.432
1.816,1.664,2.897,1.541
1.78,1.745,2.973,1.391
1.712,2.036,3.885,1.655
2.036,1.832,2.995,1.969
1.832,1.889,4.169,1.506
1.766,1.821,3.04,1.679
1.821,2.232,3.8,1.59
2.036,1.875,3.166,1.915
1.821,2.149,3.708,1.45
1.484,1.967,3.256,1.688
1.865,1.756,3.014,1.722
1.756,1.873,3.231,1.305
1.873,1.806,3.002,1.509
1.85,1.847,3.317,1.703
1.865,2.025,3.448,1.889
2.025,2.203,3.616,1.826
2.203,2.385,3.747,1.965
2.385,2.151,3.063,1.901
1.756,1.927,3.412,1.709
1.927,2.11,3.63,1.614
2.025,1.837,3.086,1.619
1.927,2.445,3.906,1.821
1.809,1.996,3.552,1.464
1.996,2.085,3.392,1.778
2.085,2.017,3.591,1.779
2.017,2.015,3.771,1.736
2.015,2.154,3.749,1.886
2.096,1.978,3.499,1.656
1.809,2.135,3.446,1.753
2.135,2.148,3.441,1.793
2.096,2.045,3.41,1.767
1.996,2.015,3.456,1.774
2.015,2.231,3.8,1.754
2.085,1.68,3.478,1.614
1.68,1.895,3.526,1.728
2.017,2.181,3.783,1.881
2.181,2.337,3.688,2.009
1.68,2.076,3.148,1.75
2.181,1.958,3.515,1.775
2.015,2.241,3.343,1.886
1.772,1.757,3.266,1.636
1.757,1.832,3.65,1.552
1.832,1.765,3.432,1.77
1.757,2.135,4.143,1.714
2.135,1.776,3.5,1.863
1.832,1.969,3.56,1.876
2.924,3.039,4.316,2.597
3.039,2.774,4.28,2.526
1.855,1.906,3.55,1.693
1.906,1.981,3.031,1.73
2.225,2.281,3.447,1.884
2.281,1.879,3.108,1.704
1.879,1.806,2.911,1.616
1.855,1.967,3.222,1.753
1.906,2.044,3.706,1.82
2.225,2.065,3.661,1.652
2.281,1.931,3.468,1.743
3.039,2.141,3.32,1.813
2.141,2.15,3.522,1.687
2.15,2.069,3.595,1.824
2.141,2.033,3.652,1.606
2.15,1.914,3.325,1.698
2.852,2.953,4.255,2.622
2.953,3.178,4.279,2.614
2.209,2.259,4.479,1.784
2.209,1.883,2.985,1.681
2.852,2.46,3.92,1.752
2.46,1.917,3.103,1.814
1.917,1.956,3.108,1.565
1.956,2.141,3.163,1.591
2.953,2.096,3.355,1.641
2.096,2.005,3.371,1.606
2.46,2.249,3.211,2.13
1.917,1.815,3.101,1.538
2.096,2.042,3.486,1.751
2.754,3.09,4.343,2.464
3.09,2.966,4.307,2.544
2.966,3.098,4.128,2.653
1.609,1.851,3.607,1.614
1.743,1.996,3.419,1.482
1.996,2.065,3.548,1.735
2.754,1.742,2.995,1.416
1.742,2.03,3.301,1.482
1.609,1.735,3.496,1.459
1.743,2.015,3.807,1.473
1.742,1.903,3.085,1.513
3.09,2.091,3.172,1.799
2.091,2.064,3.151,1.612
2.091,1.841,3.187,1.56
1.854,1.875,3.136,1.828
1.875,1.796,3.284,1.66
1.796,2.058,3.313,1.674
2.055,2.098,3.525,1.94
1.854,1.705,3.132,1.665
1.705,1.997,3.352,1.655
1.875,1.717,3.238,1.476
2.453,1.91,3.317,1.622
1.796,2.118,3.653,1.611
2.453,2.075,3.201,1.836
1.673,1.794,3.521,1.677
1.794,1.957,3.386,1.618
1.945,1.912,3.303,1.572
1.945,1.795,3.56,1.657
1.673,1.673,2.975,1.774
1.794,2.088,3.514,1.902
1.673,1.673,3.368,1.498
2.012,2.114,3.745,1.665
2.012,2.077,4.001,1.707
2.011,1.828,3.792,1.377
2.028,1.866,3.26,1.602
2.164,1.901,3.213,1.687
2.028,2.099,3.582,1.677
2.011,1.761,3.209,1.633
1.761,1.918,2.998,1.513
2.164,2.084,3.338,1.568
2.18,1.895,3.168,1.834
2.18,1.972,3.642,1.645
2.057,2.099,3.201,1.404
1.698,2.315,3.698,2.018
2.634,2.541,3.893,2.456
2.541,2.47,4.039,2.323
2.47,2.812,4.679,2.45
1.783,1.254,2.173,1.406
1.712,1.199,2.432,1.47
1.712,1.094,3.335,1.601
1.465,1.157,2.203,1.265
1.317,1.264,2.571,1.253
1.264,1.354,2.737,1.354
1.465,1.229,2.419,1.173
1.317,1.378,2.6,1.397
1.275,1.439,2.351,1.375
1.559,1.219,2.218,1.265
1.741,1.839,3.129,1.794
1.046,1.238,2.62,1.293
1.344,1.1,1.99,1.414
1.457,1.256,2.655,1.259
1.541,1.434,3.033,1.435
1.486,1.537,2.878,1.377
1.512,1.62,2.817,1.351
1.512,1.577,3.297,1.594
1.486,1.422,3.006,1.448
1.731,1.349,2.589,1.368
1.496,1.416,2.455,1.476
1.496,1.471,2.85,1.258
1.502,1.555,2.534,1.495
1.42,1.567,2.916,1.356
1.616,1.535,2.842,1.352
1.535,1.596,3.35,1.381
1.502,1.368,2.666,1.327
1.42,1.511,2.271,1.354
1.535,1.686,2.757,1.449
1.882,1.63,2.466,1.537
1.63,1.599,2.559,1.331
1.559,1.555,3.278,1.588
1.882,1.584,2.804,1.424
1.651,1.578,2.959,1.543
1.449,1.487,3.079,1.511
1.651,1.554,2.531,1.46
1.718,1.554,2.617,1.443
1.718,1.349,2.717,1.276
1.463,0.97,2.472,1.16
1.483,1.44,2.945,1.616
1.463,1.613,2.87,1.512
1.483,1.417,3.222,1.914
1.409,1.037,1.879,1.294
1.409,1.145,2.456,0.999
1.614,1.387,2.763,1.203
1.595,1.392,2.193,1.285
1.392,1.177,2.161,1.112
1.608,1.43,3.12,1.362
1.608,1.595,2.699,1.278
1.595,1.698,3.515,1.517
1.698,0.852,2.425,1.724
1.608,1.599,3.35,1.4
1.509,1.116,2.16,1.358
1.509,1.641,2.739,1.163
1.632,1.542,3.481,1.369
1.267,1.356,2.213,1.356
1.633,1.734,2.727,1.589
1.677,1.678,3.085,1.64
1.695,1.67,3.046,1.618
1.267,1.572,3.052,1.731
1.633,1.49,3.117,1.467
1.069,1.247,2.283,1.354
1.482,1.254,2.873,1.564
1.569,1.626,2.973,1.919
1.482,1.502,2.5,1.645
1.582,1.297,1.959,1.214
1.273,1.457,2.701,1.346
1.228,1.457,2.627,1.528
1.582,1.424,2.625,1.269
1.228,1.099,2.095,1.278
1.566,1.567,2.896,1.36
1.8,1.56,2.558,1.623
,1.544,2.381,1.582
1.544,1.204,2.398,1.411
,1.542,2.965,1.16
1.414,1.28,2.813,1.176
1.925,1.621,2.612,1.415
1.61,1.245,2.17,1.301
1.553,1.467,2.731,1.49
1.553,1.954,3.329,1.483
1.61,1.175,3.003,1.112
1.709,1.485,2.616,1.331
1.787,1.639,2.824,1.588
1.639,1.631,2.705,1.37
1.856,2.115,3.591,1.557
1.787,1.772,3.071,1.388
1.772,1.86,3.268,1.571
1.639,1.699,3.187,1.443
1.772,1.441,3.142,1.5
1.468,1.69,2.292,1.367
1.617,1.604,2.766,1.762
1.603,1.747,2.911,1.532
1.613,1.453,2.728,1.497
1.603,1.448,2.485,1.615
1.468,1.152,2.67,1.217
1.493,1.672,2.409,1.139
1.626,1.602,2.643,1.7
1.597,1.397,3.035,1.437
1.62,1.661,2.74,1.537
1.79,1.678,2.79,1.377
1.743,1.784,2.52,1.463
1.79,1.812,3.136,1.526
1.525,1.468,2.47,1.548
1.468,1.463,2.803,1.257
1.392,1.43,2.698,1.704
1.525,1.445,2.584,1.37
1.468,1.402,2.828,1.213
1.52,1.693,2.866,1.676
1.749,1.706,3.431,1.276
1.706,1.631,3.072,1.781
1.355,1.513,2.827,1.606
1.675,1.752,2.986,1.743
1.984,2.038,3.701,1.948
2.038,1.664,2.729,1.876
1.664,1.383,2.771,1.365
1.505,1.52,3.268,1.789
2.162,2.168,3.377,1.913
2.162,2.05,3.479,2.044
1.984,1.76,3.331,1.696
1.76,1.836,4.355,1.717
2.038,1.761,3.196,1.825
1.761,1.775,3.198,1.618
1.775,1.885,3.498,1.777
1.761,1.615,3.31,1.578
1.664,1.382,3.278,1.365
1.382,1.59,3.423,1.56
1.382,1.961,3.505,1.657
1.383,1.48,2.924,1.348
1.773,1.169,2.683,1.488
1.592,1.771,3.557,1.529
1.771,1.648,3.443,1.798
1.592,1.858,3.805,1.488
1.548,1.443,2.785,1.553
1.548,1.571,4.126,1.667
1.571,1.413,3.642,1.934
1.773,1.532,3.696,1.432
1.443,1.425,3.008,1.392
2.054,2.387,2.736,2.387
2.387,1.427,2.885,1.368
1.427,1.522,3.055,1.443
1.912,1.839,3.544,1.738
1.813,1.914,3.797,1.743
1.629,1.646,4.143,1.633
2.054,1.646,3.293,1.604
1.646,1.58,3.618,1.683
1.629,1.623,3.676,1.507
1.646,1.591,2.891,1.611
2.387,1.722,3.291,1.368
1.722,1.751,3.236,1.687
1.427,1.734,3.021,1.441
1.734,1.789,3.623,1.601
1.751,1.974,3.836,1.727
1.734,1.389,3.173,1.42
1.931,1.978,2.81,1.931
1.978,1.557,2.903,1.432
1.612,1.435,3.737,1.398
1.931,1.447,3.168,1.656
1.861,1.657,3.813,2.128
1.657,1.55,3.021,1.753
1.742,1.726,3.072,1.592
1.726,1.766,3.347,1.432
1.766,1.753,3.343,1.753
1.742,1.887,3.538,1.851
1.887,1.941,3.461,1.731
1.726,1.841,3.604,1.64
1.612,1.548,3.006,1.547
1.612,1.81,3.01,1.553
2.202,1.961,3.474,1.961
1.961,2.042,3.369,1.891
1.794,1.767,3.707,1.767
2.202,1.801,3.168,1.749
1.801,1.858,3.094,1.686
1.858,1.63,2.834,1.526
1.961,1.748,3.15,1.583
1.748,1.726,2.927,1.637
1.726,1.936,3.097,1.482
1.801,1.686,3.504,1.46
1.748,1.836,3.657,1.513
1.836,1.655,3.542,1.727
2.042,1.539,3.83,1.478
1.966,1.923,4.715,2.033
1.698,1.738,3.6,2.07
1.738,1.928,3.584,1.928
1.966,1.542,3.052,1.641
1.542,1.442,2.888,1.401
1.738,1.852,3.633,1.852
2.074,2.019,3.675,1.89
2.019,1.552,3.946,2.048
1.552,2.035,2.738,2.415
2.035,1.483,3.22,1.385
1.671,1.706,3.065,1.574
2.074,1.64,3.093,1.559
1.64,1.971,3.909,1.626
1.971,1.538,3.576,1.885
1.671,1.7,3.202,1.567
1.64,1.723,3.498,1.427
2.019,1.626,3.078,1.582
1.552,1.716,3.514,1.551
1.716,1.537,3.139,1.639
1.537,1.629,3.154,1.608
1.716,1.627,3.278,1.78
1.627,1.512,3.211,1.563
2.035,1.566,3.141,1.369
1.566,1.658,2.985,1.579
1.537,1.479,3.14,1.531
1.566,1.55,3.094,1.562
2.268,1.937,3.563,2.211
1.937,1.611,3.326,1.918
1.611,1.945,2.906,1.846
1.945,1.44,2.578,1.497
1.824,1.715,3.464,1.715
1.715,1.565,3.522,1.613
1.824,1.746,4.052,1.825
2.268,1.891,3.773,2.165
1.891,1.8,3.605,1.878
1.8,1.639,3.026,1.68
1.891,1.772,3.212,1.772
1.937,1.549,3.182,1.645
1.549,1.731,3.561,1.613
1.731,1.5,3.294,1.769
1.8,1.984,3.385,1.984
1.549,1.766,3.692,1.626
1.766,1.533,3.807,1.932
1.552,1.761,3.505,1.502
1.761,1.48,3.23,1.717
1.731,1.5,3.503,1.745
1.528,1.538,3.704,1.781
1.552,1.589,3.499,1.466
1.761,1.403,3.537,1.788
1.528,1.465,3.561,1.764
1.811,1.749,2.908,1.505
1.749,1.559,2.745,1.454
1.559,1.408,2.816,1.391
1.408,1.408,2.554,1.408
1.631,1.679,3.004,1.605
1.496,1.612,3.327,1.537
1.516,1.543,3.38,1.491
1.543,1.558,3.481,1.658
1.811,1.774,3.294,1.52
1.774,1.957,3.485,1.839
1.957,1.703,3.169,1.763
1.774,1.485,4.209,1.486
1.749,1.92,3.424,1.454
1.92,2.014,3.807,1.685
2.014,1.567,3.815,1.843
1.957,1.721,3.272,1.721
1.92,2.141,4.548,1.738
2.141,1.708,3.708,2.231
1.559,1.804,3.389,1.391
1.804,1.493,3.571,1.65
1.493,1.452,2.994,1.849
1.804,1.551,3.085,1.739
1.408,1.475,2.94,1.451
1.475,1.618,2.977,1.559
1.475,1.519,2.82,1.443
1.411,1.415,2.848,1.51
1.415,1.458,2.818,1.424
1.714,1.483,3.083,1.809
2.023,1.822,3.833,1.957
1.429,1.567,2.556,1.65
1.411,1.938,4.01,1.566
1.938,1.563,3.244,1.81
1.563,1.394,3.271,1.786
1.415,1.575,3.106,1.424
1.575,1.765,3.601,1.589
1.938,1.515,3.507,2.2
1.575,1.693,3.205,1.517
1.458,1.675,3.234,1.464
1.729,2.011,3.542,1.96
2.011,2.08,3.422,1.914
2.08,2.123,4.09,1.943
2.123,2.302,4.093,2.045
2.302,2.337,3.462,2.308
1.815,1.634,3.093,1.549
1.815,1.848,3.254,1.765
1.699,1.372,3.257,1.789
1.729,1.901,3.301,1.5
1.901,1.667,3.393,1.629
1.699,1.334,3.104,1.695
2.011,1.811,3.278,1.628
1.811,1.949,3.713,1.741
1.901,1.891,3.313,1.672
2.123,2.331,4.199,2.123
2.331,1.815,4.611,1.922
1.815,1.191,3.756,2.096
2.302,1.675,3.534,1.785
2.017,2.446,3.611,2.379
2.446,2.028,3.597,1.893
2.028,1.645,2.885,1.783
1.627,1.563,2.858,1.426
1.563,1.48,3.43,1.399
1.627,1.435,3.086,1.418
1.435,1.521,3.13,1.539
1.598,1.733,3.347,1.535
1.733,1.635,3.539,1.638
1.635,1.399,3.538,1.697
1.563,1.703,3.384,1.399
1.816,1.639,3.451,1.548
1.993,1.58,2.988,1.511
1.58,1.513,3.255,1.469
1.993,1.803,4.265,1.83
2.446,1.758,3.689,1.692
1.758,1.661,3.282,1.819
1.758,1.661,3.214,1.834
2.028,1.601,3.167,1.761
2.168,2.482,4.257,2.277
2.482,1.88,3.706,2.363
1.88,2.188,3.434,2.055
2.188,1.84,3.566,1.609
1.84,1.658,2.847,1.445
1.693,1.662,4.214,1.662
1.822,1.927,3.663,1.71
1.822,1.977,4.831,1.665
2.168,1.91,3.269,1.859
2.482,1.88,3.358,1.895
1.88,1.784,3.537,1.726
1.88,1.932,3.396,1.588
1.932,1.938,3.433,1.759
1.88,1.795,3.456,1.632
2.188,1.912,3.618,1.825
1.912,1.857,3.319,1.83
1.932,2.035,3.913,1.637
1.912,2.016,3.883,1.789
1.84,1.729,3.757,2.121
1.729,2.061,3.467,2.061
1.729,1.736,3.269,1.696
1.71,1.944,3.083,1.666
1.631,1.57,2.938,1.549
1.57,1.531,3.536,1.437
1.531,1.643,3.303,1.748
1.951,1.74,4.106,1.955
2.381,1.652,3.703,1.943
1.652,1.505,2.891,1.728
1.652,1.559,3.144,2.008
1.631,1.752,3.156,1.752
1.722,1.973,3.796,1.847
1.57,1.642,3.342,1.501
1.722,1.716,3.796,1.716
1.716,1.607,3.604,1.684
1.71,1.758,3.226,1.379
1.944,1.454,3.249,1.517
1.854,1.877,2.813,1.681
2.234,2.224,4.077,2.248
2.224,1.838,2.887,2.002
1.838,1.421,3.152,1.463
1.421,1.585,2.848,1.535
1.585,1.559,2.625,1.424
1.654,1.589,3.198,1.596
1.654,1.938,3.559,1.867
1.589,1.688,3.322,1.754
2.224,1.844,3.318,2.074
1.844,1.668,3.452,1.746
1.668,1.602,3.185,1.739
1.844,1.707,3.451,1.689
1.838,1.444,2.956,1.545
1.444,1.761,3.704,1.501
1.668,1.59,3.334,1.713
1.421,1.738,2.949,1.617
1.738,1.831,3.514,1.471
1.444,1.764,4.222,1.455
1.738,1.576,3.186,1.478
2.508,2.275,3.618,2.287
2.275,2.109,3.525,2.084
2.109,1.541,3.3,1.925
1.541,1.939,3.737,1.795
1.939,2.148,3.124,2.034
1.829,1.925,3.56,1.736
1.925,2.072,3.552,1.833
1.829,1.858,3.376,1.572
2.508,1.699,3.689,1.67
1.699,1.68,3.387,1.807
1.925,1.992,3.346,1.727
2.275,1.697,3.019,1.507
1.697,1.635,3.308,1.459
2.109,1.541,2.841,1.6
1.541,1.573,3.066,1.398
1.573,1.499,2.839,1.426
1.697,1.805,2.898,1.619
1.541,1.661,3.261,1.506
1.661,1.57,2.94,1.641
1.541,1.587,2.971,1.42
1.573,1.726,3.392,1.597
1.661,1.619,3.212,1.619
1.57,1.713,2.999,1.46
2.072,2.101,3.644,1.9
2.101,1.964,3.238,1.943
1.964,1.998,4.671,1.691
1.998,1.757,3.157,2.173
1.757,1.714,3.043,1.685
1.636,2.029,3.314,1.637
1.58,1.732,3.766,1.732
1.828,1.996,3.673,1.639
1.636,1.939,3.606,1.721
2.072,1.937,3.569,1.763
1.937,1.8,3.716,1.9
2.101,1.759,3.103,1.701
1.759,1.727,3.315,1.431
1.727,1.721,3.923,1.619
1.937,1.527,3.082,1.669
1.964,1.869,3.431,1.548
1.869,1.603,3.067,1.736
1.869,1.696,3.259,1.769
1.998,1.715,3.626,2.464
1.715,1.984,3.634,1.811
1.715,1.805,3.517,1.8
1.757,1.435,2.754,1.472
2.336,1.867,4.107,2.15
1.867,2.161,3.318,2.263
2.161,1.676,3.278,1.752
1.676,1.907,3.526,1.62
1.999,1.771,3.589,1.925
1.999,1.916,3.544,1.964
2.336,1.818,3.781,2.005
1.818,1.614,3.388,1.905
1.614,1.841,3.45,1.688
1.818,1.697,3.712,1.876
1.867,1.829,3.552,1.844
1.829,2.019,3.55,1.973
2.019,1.897,3.342,1.805
1.614,1.861,3.48,1.766
2.161,1.474,2.942,1.566
1.474,1.721,3.342,1.482
1.829,1.681,3.392,1.635
1.676,1.954,3.312,1.658
1.474,1.801,3.377,1.46
2.019,1.787,3.223,1.848
,1.73,3.16,1.774
1.73,2.074,4.235,1.828
,1.731,2.875,1.701
1.24,1.037,2.944,1.635
1.037,1.457,2.429,1.487
1.552,1.34,2.978,1.574
1.453,1.238,2.861,1.674
1.552,1.321,2.761,1.414
1.24,1.093,2.936,1.57
1.453,1.238,3.026,1.781
1.238,1.621,3.271,1.51
1.284,1.142,2.469,1.358
1.383,1.201,3.309,1.72
1.383,1.155,3.075,1.722
1.284,1.205,2.909,1.586
1.228,1.464,2.776,1.625
1.536,1.542,4.267,1.688
1.536,1.479,3.671,1.587
1.574,1.667,3.3,1.416
1.548,1.438,2.953,1.405
1.574,1.464,3.038,1.392
1.548,1.849,3.202,1.636
1.762,1.634,3.505,1.72
1.762,1.529,3.119,1.59
1.522,1.533,2.879,1.533
1.549,1.735,3.232,1.459
1.554,1.54,3.3,1.54
1.54,1.541,3.012,1.632
1.554,1.611,3.027,1.597
1.611,1.665,3.345,1.514
1.522,1.651,3.085,1.667
1.54,1.632,3.404,1.668
1.533,1.532,2.946,1.422
1.651,1.609,3.357,1.544
1.624,1.437,3.176,1.87
1.588,1.482,3.195,1.483
1.59,1.648,3.184,1.606
1.681,1.379,3.016,1.763
1.59,1.488,2.876,1.398
1.681,1.42,3.213,1.942
1.349,1.235,2.866,1.849
1.235,1.533,2.734,1.36
1.29,1.269,2.833,1.605
1.349,1.182,3.149,1.884
1.235,1.659,3.155,1.506
1.29,1.308,3.032,1.645
1.319,1.284,3.608,1.871
1.319,1.354,3.881,1.669
1.39,1.361,2.852,1.661
1.39,1.389,3.333,1.605
1.437,1.46,2.911,1.434
1.46,1.688,3.08,1.524
1.505,1.713,3.762,1.713
1.713,1.769,3.516,1.904
1.437,1.623,3.132,1.41
1.623,1.441,2.911,1.462
1.505,1.467,2.864,1.467
1.467,1.57,3.211,1.451
1.713,1.717,3.36,1.944
1.623,1.666,3.22,1.671
1.729,1.592,3.095,1.634
1.592,1.845,3.539,1.571
1.669,1.59,2.958,1.59
1.729,1.598,3.31,1.598
1.669,1.685,3.103,1.651
1.55,1.766,3.104,1.856
1.766,1.543,3.279,1.543
1.592,1.687,3.686,1.523
1.59,1.688,3.356,1.511
1.29,1.481,2.918,1.481
1.481,1.299,2.952,1.376
1.416,1.293,2.913,1.446
1.416,1.48,2.661,1.567
1.481,1.474,3.237,1.542
1.482,1.473,3.229,1.567
1.456,1.578,3.284,1.473
1.456,1.543,3.233,1.499
1.482,1.543,3.06,1.578
1.372,1.55,3.413,1.439
1.388,1.482,2.902,1.452
1.372,1.621,3.059,1.261
1.405,1.199,3.134,1.876
1.499,1.555,3.017,1.451
1.6,1.507,3.503,1.772
1.507,1.609,3.623,1.657
1.483,1.501,3.209,1.525
1.563,1.559,3.025,1.743
1.483,1.613,3.296,1.605
1.499,1.417,2.749,1.336
1.563,1.542,3.051,1.622
1.302,1.278,2.784,1.604
1.256,1.36,3.122,1.706
1.302,1.259,2.576,1.48
1.676,1.519,3.025,1.889
1.548,1.554,3.028,1.586
1.548,1.55,3.218,1.575
1.63,1.767,3.399,1.568
1.676,1.547,2.846,1.889
1.838,1.51,3.069,1.639
1.617,1.571,3.286,1.676
1.617,1.603,3.115,1.642
1.838,1.549,3.357,1.601
1.628,1.232,3.068,1.709
1.323,1.435,2.819,1.605
1.544,1.515,3.366,1.59
1.616,1.848,3.828,1.542
1.301,1.352,3.273,1.446
1.323,1.408,3.488,1.675
1.301,1.383,2.892,1.446
1.513,1.763,3.039,1.559
1.513,1.725,3.43,1.5
1.381,1.861,3.842,1.65
1.861,1.471,3.825,2.007
1.341,1.41,2.774,1.539
1.41,1.496,3.199,1.383
1.496,1.469,3.652,1.582
1.341,1.519,2.82,1.554
1.381,1.458,3.06,1.487
1.458,1.689,4.017,1.462
1.41,1.507,3.261,1.391
1.458,1.644,3.227,1.598
1.861,1.471,3.406,1.835
1.56,1.525,3.377,1.839
1.403,1.24,3.128,1.698
1.237,1.43,3.294,1.701
1.403,1.494,3.234,1.474
1.747,1.706,3.287,1.474
1.496,1.488,3.02,1.642
1.75,1.814,3.642,1.638
1.574,1.905,3.392,1.572
1.574,1.675,3.262,1.547
1.496,1.542,3.035,1.748
1.316,1.473,2.899,1.394
1.377,1.324,2.679,1.557
1.316,1.287,3.103,1.429
1.377,1.285,2.764,1.501
1.664,1.206,3.228,1.91
1.458,1.372,3.447,1.68
1.458,1.443,3.294,1.718
1.587,1.673,2.831,1.641
1.475,1.364,3.129,1.603
1.479,1.764,3.388,1.614
1.475,1.393,3.167,1.571
1.448,1.728,3.05,1.738
1.359,1.425,2.845,1.692
1.754,1.59,3.026,1.813
1.59,1.705,3.798,1.429
1.754,1.56,3.319,1.725
1.59,1.798,3.446,1.597
1.584,1.59,3.104,1.653
1.318,1.652,3.136,1.578
1.652,1.603,2.986,1.531
1.318,1.53,3.627,1.578
1.318,1.517,3.4,1.469
1.652,1.763,3.368,1.605
1.584,1.461,2.913,1.547
1.509,1.339,3.098,1.538
1.372,1.481,2.878,1.305
1.745,1.747,3.297,1.688
1.509,1.3,3.022,1.54
1.3,1.363,2.92,1.479
1.372,1.466,3.003,1.262
1.481,1.518,3.124,1.46
1.413,1.428,2.804,1.539
1.444,1.335,3.205,1.544
1.309,1.384,2.859,1.661
1.528,1.495,3.102,1.808
1.309,1.427,3.14,1.591
1.632,1.448,2.854,1.417
1.632,1.587,2.848,1.604
1.636,1.873,3.729,1.686
1.136,1.179,3.241,1.352
1.179,1.644,3.79,1.772
1.644,1.501,3.088,2.038
1.501,1.734,3.629,1.745
1.734,1.573,3.106,1.989
1.573,1.224,3.611,1.491
1.14,1.067,3.352,1.367
1.136,1.249,3.533,1.566
1.249,0.926,4.327,1.562
0.926,1.231,3.328,2.312
1.14,1.223,3.18,1.525
1.179,1.266,3.297,1.47
1.266,1.307,3.17,1.752
1.307,1.37,3.251,1.567
1.249,1.496,3.964,1.971
1.266,1.228,3.272,1.558
1.644,1.259,2.582,1.753
1.259,1.265,3.673,1.185
1.265,1.345,3.713,1.773
1.307,1.315,3.143,1.624
1.501,1.2,3.923,1.297
1.259,1.48,3.795,1.397
1.734,1.116,3.676,1.644
1.116,1.217,3.386,1.801
1.573,1.327,3.206,1.616
1.327,1.08,3.817,1.622
1.224,1.156,4.031,1.94
1.327,1.217,3.745,1.566
1.643,1.421,3.784,2.155
1.421,1.775,4.131,2.104
1.775,1.663,3.822,2.035
1.663,1.711,3.505,2.169
1.711,2.002,4.135,1.976
2.002,1.837,3.716,2.25
1.837,1.755,3.876,2.138
1.755,1.608,3.63,2.172
1.608,2.065,4.408,2.239
1.394,1.375,2.825,1.783
1.242,1.48,3.317,1.626
1.643,1.396,3.055,1.882
1.396,1.188,3.213,1.441
1.396,1.367,3.235,1.444
1.421,1.314,3.584,1.738
1.314,1.421,3.019,1.875
1.775,1.489,3.988,2.096
1.489,1.273,3.519,1.847
1.273,1.601,3.449,1.865
1.663,1.298,2.741,1.789
1.489,1.573,4.095,2.141
1.711,1.511,3.291,1.504
1.511,1.505,3.048,1.753
1.298,1.424,3.555,1.453
2.002,1.398,3.615,1.918
1.511,1.216,3.726,1.539
1.837,1.506,3.331,1.827
1.506,1.21,3.44,1.7
1.506,1.253,3.139,1.621
1.755,1.503,3.151,1.646
1.503,1.493,3.246,1.617
1.503,1.313,3.327,1.793
1.608,1.103,3.056,1.391
1.555,1.665,3.917,1.749
1.665,1.567,3.969,2.068
1.567,1.614,3.756,2.174
1.614,1.692,3.468,2.081
1.692,1.721,3.808,1.996
1.721,1.628,3.581,2.21
1.628,1.819,3.583,2.015
1.819,1.596,3.586,1.878
1.596,1.775,3.73,1.85
1.534,1.316,3.64,1.769
1.534,1.476,3.15,1.844
1.555,1.42,3.502,1.658
1.42,1.189,3.153,1.869
1.42,1.264,3.218,1.741
1.665,1.364,3.593,1.729
1.364,1.554,3.318,2.06
1.554,1.39,3.601,1.882
1.567,1.402,3.189,1.796
1.402,1.185,3.208,1.533
1.614,1.383,3.78,1.709
1.383,1.173,3.771,1.77
1.173,1.087,3.205,1.621
1.402,1.324,2.946,1.656
1.692,1.23,4.151,1.472
1.23,1.263,3.69,2.013
1.263,1.444,3.482,1.753
1.383,1.499,3.812,2.01
1.721,1.233,3.784,1.65
1.233,1.271,3.061,1.644
1.23,1.352,4.185,2.052
1.233,1.562,3.948,2.14
1.628,1.342,3.383,1.566
1.342,1.41,3.514,1.657
1.342,1.485,3.96,1.735
1.819,1.692,3.859,1.735
1.692,1.385,3.398,2.039
1.238,1.549,3.677,1.945
1.224,1.291,3.819,1.747
1.327,1.093,2.95,1.498
1.238,1.25,3.873,1.933
1.375,1.311,3.5,1.637
1.311,1.361,3.338,2.039
1.361,1.481,3.621,1.602
1.481,1.293,3.665,1.746
1.293,1.693,3.969,2.071
1.693,1.473,3.956,2.105
1.307,1.34,4.046,2.184
1.295,1.568,4.528,1.709
1.397,1.393,3.214,1.726
1.295,1.374,3.25,1.598
1.375,1.588,3.555,1.97
1.588,1.439,2.92,1.733
1.588,1.396,3.236,1.822
1.311,1.204,3.062,1.805
1.204,1.262,3.193,1.491
1.361,1.523,3.317,1.736
1.523,1.303,3.214,1.758
1.523,1.198,3.204,1.735
1.481,1.327,3.7,1.875
1.327,1.414,4.624,1.934
1.414,1.324,3.482,2.353
1.327,1.068,3.4,1.766
1.293,1.165,3.629,1.741
1.165,1.437,3.297,1.868
1.165,1.18,4.377,1.761
1.693,1.353,3.143,1.931
1.353,1.319,4.111,1.58
1.473,1.355,3.537,1.823
1.353,1.264,3.899,1.62
1.194,1.635,3.465,1.889
1.635,1.67,3.188,1.859
1.67,1.628,3.121,1.824
1.628,1.251,2.802,1.362
1.251,1.42,3.206,1.441
1.42,1.586,3.351,1.721
1.463,1.245,3.267,2.154
1.245,1.245,3.185,1.568
1.194,1.305,3.409,1.732
1.305,1.174,3.076,1.723
1.245,1.213,2.937,1.698
1.305,1.228,3.38,1.686
1.635,1.442,3.202,1.605
1.442,1.421,3.331,1.56
1.421,1.396,3.447,1.828
1.67,1.206,2.653,1.309
1.442,1.548,2.986,1.642
1.628,1.487,3.252,1.76
1.206,1.428,2.974,1.482
1.42,1.293,3.574,1.583
1.547,1.618,4.0,2.131
1.618,1.616,3.241,2.204
1.616,1.653,3.572,1.883
1.515,1.356,3.864,1.872
1.547,1.553,4.178,2.023
1.553,1.412,3.443,2.059
1.412,1.452,3.891,1.861
1.618,1.358,3.292,1.796
1.358,1.252,3.36,1.606
1.553,1.453,3.734,2.119
1.616,1.267,3.7,1.358
1.267,0.994,4.274,1.725
0.994,1.262,3.708,2.205
1.262,1.224,3.736,1.997
1.224,1.459,3.4,1.944
1.358,1.328,3.638,1.759
1.267,1.252,3.928,2.021
1.262,1.049,3.566,1.711
1.224,1.317,3.809,1.792
1.831,1.771,3.841,2.215
1.771,1.609,4.198,2.102
1.609,1.487,3.674,2.258
1.357,1.262,3.529,1.888
1.262,1.438,4.12,1.881
1.438,1.421,3.177,2.215
1.158,1.252,4.281,1.861
1.536,1.27,3.614,1.638
1.262,1.365,3.984,1.648
1.438,1.257,3.519,1.918
1.831,1.423,3.195,1.903
1.423,1.262,3.456,1.594
1.326,1.395,3.323,1.783
1.447,1.471,3.84,2.31
1.471,1.491,4.115,2.049
1.491,1.424,3.607,2.203
1.424,1.506,3.331,2.034
1.506,1.326,3.081,1.457
1.705,1.87,3.985,1.908
1.12,1.147,3.111,1.562
1.12,1.115,2.873,1.6
1.471,1.327,3.913,1.865
1.491,1.236,3.242,1.912
1.236,1.193,3.441,1.563
1.327,1.134,3.711,1.865
1.424,1.311,3.796,1.573
1.506,1.554,3.782,1.635
1.311,1.088,4.244,1.915
1.7,1.326,3.252,1.621
1.7,1.361,3.103,2.057
1.361,1.518,3.282,1.54
1.458,1.101,3.727,1.502
1.567,1.553,3.329,1.932
1.553,1.676,3.472,1.929
