Pos	Channel	Cell	MothCell	BirthFr	DivFr	Td	Tri1	Tri2	Tri3	Trt	Tn	Tc	Lb	Lri1	Lri2	Lri3	Lrt	Ln	Lc	Ld	Time
5	1	10	1	5	44	156	-8	176	176	96	88	104	1,182	1,124	2,351	2,351	1,822	1,751	1,91	2,375	-184
6	1	2	2	9	45	144	8	132	136	92	104	104	1,146	1,325	2,47	2,518	1,758	2,075	2,075	2,704	-180
5	3	17	1	21	45	96	-52	88	92	40	44	44	1,496	1,139	2,556	2,64	1,923	1,934	1,934	2,758	-180
4	2	3	3	15	47	128	-8	124	124	72	84	96	1,504	1,402	2,935	2,935	2,098	2,326	2,486	2,932	-172
2	2	13	1	17	47	120	-48	104	108	48	56	52	1,288	1,118	2,367	2,433	1,623	1,714	1,673	2,628	-172
7	2	2	2	8	47	156	4	120	120	76	104	104	1,39	1,535	2,696	2,696	1,946	2,4	2,4	3,243	-172
7	2	10	2	8	48	160	4	132	136	92	104	100	1,225	1,236	2,608	2,447	1,695	2,182	2,138	3,171	-168
5	1	1	1	6	48	168	-8	156	156	108	116	116	1,113	1,079	2,296	2,296	1,762	1,797	1,797	2,507	-168
8	2	1	1	15	48	132	0	152	164	76	80	80	1,235	1,235	2,706	2,876	1,863	1,882	1,882	2,47	-168
2	1	14	1	13	48	140	-8	136	132	80	88	92	1,417	1,368	2,735	2,665	2,054	2,203	2,21	2,825	-168
5	3	3	3	17	48	124	-24	136	140	52	88	88	1,34	1,245	2,779	2,923	1,646	2,239	2,239	2,619	-168
8	2	12	1	16	49	132	-4	128	124	72	76	84	1,431	1,385	3,032	3,01	2,083	2,096	2,253	3,149	-164
2	4	1	1	19	50	124	-68	96	88	36	60	72	1,378	1,006	2,34	2,219	1,654	1,886	1,987	2,81	-160
2	1	1	1	12	50	152	-12	140	136	96	92	100	1,08	1,004	2,293	2,238	1,824	1,806	1,847	2,513	-160
1	3	1	1	20	50	120	-72	112	104	16	52	56	1,427	1,189	2,503	2,413	1,545	1,835	1,85	2,571	-160
4	2	11	1	22	50	112	-48	96	88	40	56	64	1,652	1,454	2,855	2,717	1,878	2,103	2,214	3,044	-160
6	2	3	3	17	50	132	4			88	100	100	1,168	1,106			1,811	2,087	2,087	2,664	-160
4	3	2	2	19	51	128	-32	84	84	48	56	72	1,453	1,284	2,406	2,406	1,817	1,914	2,169	3,091	-156
4	3	10	2	19	52	132	-32	84	80	64	64	80	1,389	1,303	2,174	2,1	1,807	1,807	2,1	3,067	-152
2	2	1	1	18	52	136	-52	100	108	36	60	36	1,238	0,926	2,255	2,42	1,528	1,722	1,528	2,861	-152
7	1	2	2	27	52	100	-24	84	84	44	60	60	1,281	1,261	2,216	2,216	1,455	1,776	1,776	2,403	-152
3	5	1	1	26	52	104	-40	92	96	44	48	52	1,497	1,138	2,782	2,821	1,86	1,914	1,96	2,974	-152
5	4	4	4	24	53	116	-56	104	108	36	68	72	1,408	0,991	2,456	2,442	1,492	1,735	1,79	2,553	-148
3	5	11	1	26	53	108	-44	88	80	32	56	60	1,576	1,292	2,583	2,326	1,688	1,964	1,898	2,698	-148
2	2	2	2	17	53	144	-60	88	92	24	104	96	1,369	1,007	2,16	2,181	1,487	2,424	2,265	3,086	-148
6	1	1	1	19	53	136	-20	128	128	76	76	80	1,288	1,261	2,503	2,503	1,837	1,837	1,862	2,61	-148
1	2	3	3	34	53	76	-84	36	20	-4	24	24	1,695	1,157	2,205	1,909	1,658	2,023	2,023	2,808	-148
3	4	12	2	15	53	152	0	144	140	88	100	112	1,336	1,336	2,729	2,636	1,878	1,983	2,116	2,85	-148
7	2	1	1	17	53	144	-44	100	100	48	88	88	1,47	1,335	2,315	2,315	1,78	2,193	2,193	2,875	-148
3	2	12	1	25	54	116	-16	124	120	56	64	68	1,194	1,093	2,974	2,931	1,666	1,779	1,824	2,599	-144
6	3	9	1	14	54	160	8	152	156	80	116	116	1,171	1,171	2,685	2,816	1,7	2,107	2,107	2,966	-144
3	2	1	1	25	54	116	-24	124	120	56	72	80	1,129	1,098	2,331	2,613	1,668	1,867	1,934	2,378	-144
5	3	1	1	21	54	132	-52	72	72	32	68	76	1,444	0,944	2,129	2,129	1,775	2,095	2,185	3,198	-144
6	3	8	2	19	55	144	-24	132	132	64	76	72	1,482	1,295	2,433	2,433	1,82	1,962	1,902	2,71	-140
2	4	12	1	19	55	144	-68	100	96	48	60	72	1,331	0,923	2,261	2,235	1,7	1,758	1,905	2,884	-140
5	1	11	2	9	55	184	8	176	160	124	120	128	1,167	1,252	2,834	2,079	1,967	1,945	2,063	3,149	-140
3	4	1	1	16	55	156	-4	164	172	88	108	116	1,209	1,208	2,594	2,723	1,556	1,898	1,999	2,484	-140
4	2	1	1	22	56	136	-52	108	92	76	48	80	1,368	0,99	2,415	2,255	2,076	1,759	2,13	2,804	-136
1	4	10	1	23	57	136	-20	104	108	60	56	64	1,514	1,338	2,502	2,569	2,005	1,962	2,007	3,072	-132
10	1	3	3	34	57	92	-76	52	52	8	36	44	1,551	0,958	2,015	2,015	1,496	1,7	1,899	2,773	-132
7	2	11	1	18	57	156	-40	140	136	64	92	104	1,4	1,065	2,661	2,614	1,868	2,189	2,312	2,994	-132
1	1	3	3	28	57	116	-40	72	68	48	56	60	1,566	1,218	2,226	2,181	1,969	2,106	2,142	2,981	-132
2	3	3	3	25	58	132	-8	140	136	64	80	76	1,292	1,181	2,659	2,673	1,86	2,05	1,988	2,842	-128
6	2	2	2	24	58	136	-4	148	148	80	76	80	1,254	1,214	2,791	2,791	1,886	1,874	1,886	2,72	-128
1	3	12	1	20	58	152	-72	88	76	20	56	60	1,664	1,297	2,354	2,204	1,778	1,972	2,03	3,411	-128
9	3	3	3	28	58	120	-40	72	72	48	60	80	1,551	1,291	2,329	2,329	2,076	1,988	2,412	3,181	-128
10	1	2	2	29	58	116	-44	108	104	40	40	56	1,345	1,112	2,502	2,455	1,584	1,584	1,823	2,589	-128
4	4	1	1	29	58	116	-20	148	144	64	64	72	1,351	1,183	2,87	2,818	1,936	1,936	2	2,523	-128
2	3	12	3	25	58	132	-16	140	128	68	88	96	1,379	1,321	2,419	2,433	1,73	2,064	2,154	2,525	-128
6	3	2	2	19	58	156	-24	140	140	68	80	76	1,268	1,095	2,226	2,226	1,568	1,67	1,634	2,356	-128
1	4	1	1	23	58	140	-28	120	124	76	68	76	1,269	1,005	2,472	2,513	1,943	1,837	1,943	2,731	-128
4	2	2	2	24	59	140	-48	80	84	60	72	76	1,588	1,188	2,371	2,416	2,123	2,277	2,344	3,377	-124
6	2	11	2	22	59	148	12			100	112	108	1,232	1,169			2,4	2,544	2,553	3,143	-124
10	1	13	2	29	60	124	-48	80	80	32	64	72	1,473	1,159	2,251	2,251	1,683	2,031	2,101	2,679	-120
3	4	2	2	16	60	176	4	164	172	108	112	132	1,182	1,203	2,653	2,871	1,93	2,019	2,274	2,697	-120
6	3	3	3	37	60	92	-68	60	60	16	32	28	1,43	1,092	2,204	2,204	1,678	1,779	1,719	2,83	-120
1	5	1	1	28	61	132	-12	156	156	72	96	100	1,13	1,064	2,812	2,812	1,798	2,119	2,17	2,66	-116
7	3	11	1	25	62	148	20	152	152	96	96	104	1,254	1,438	3,222	3,222	2,341	2,341	2,483	3,159	-112
4	4	16	1	26	62	144	-8	128	132	76	100	104	1,297	1,172	2,462	2,452	1,72	2,004	2,059	2,728	-112
2	5	28	1	37	62	100	-60	56	72	24	52	64	1,434	1,005	2,147	2,406	1,751	2,16	2,478	2,991	-112
9	3	13	3	28	62	136	-40	108	124	56	96	96	1,282	1,053	2,353	2,62	1,79	2,15	2,15	2,829	-112
4	2	12	2	24	62	152	-32	76	68	56	76	84	1,419	1,363	2,19	2,247	1,992	2,19	2,514	3,602	-112
5	1	2	2	9	63	216	52			140	144	144	1,069	1,177			1,889	1,916	1,916	2,483	-108
7	3	12	2	28	63	140	16			100	104	108	1,384	1,498			2,294	2,354	2,438	2,941	-108
1	5	13	1	28	63	140	-16	120	116	72	80	88	1,281	1,146	2,706	2,621	2,029	2,087	2,193	3,157	-108
5	3	18	2	33	64	124	-64	92		32	92	88	1,277	1,163	2,721		1,495	2,721	2,584	3,386	-104
4	4	2	2	38	64	104	-20	112	120	56	60	56	1,286	1,191	2,563	2,523	1,694	1,728	1,694	2,546	-104
4	1	14	2	37	64	108	-36	88	84	40	56	56	1,215	1,041	2,546	2,519	1,591	2	2	3,068	-104
9	1	3	3	32	64	128	-52	124	132	64	72	88	1,301	1,092	2,455	2,504	1,781	1,904	2,082	2,457	-104
1	1	14	3	28	64	144	-44	80	80	52	64	72	1,288	1,17	2,156	2,156	1,827	1,921	2,037	3,343	-104
7	3	2	2	28	64	144	12	128	128	96	100	112	1,348	1,457	2,892	2,892	2,44	2,487	2,663	3,309	-104
5	4	3	3	28	65	148	-28	124	124	56	76	92	1,585	1,425	2,753	2,753	1,979	2,073	2,211	3,04	-100
2	4	2	2	24	65	164	-84	92	88	-16	92	100	1,406	0,993	2,127	2,05	1,305	2,127	2,206	3,299	-100
5	2	3	3	36	66	120	-64	68	76	16	52	52	1,591	1,271	2,378	2,49	1,754	2,182	2,182	3,832	-96
9	4	2	2	26	66	160	4	140	136	84	96	92	1,353	1,301	3,048	2,935	2,045	2,198	2,113	3,342	-96
7	4	1	1	30	67	148	4	140	148	100	112	112	1,147	1,16	2,482	2,625	1,78	2,018	2,018	2,625	-92
9	1	1	1	32	67	140	-44	132	132	40	60	64	1,172	1,062	2,612	2,612	1,509	1,723	1,743	2,792	-92
6	1	12	1	19	67	192	-16	128	136	88	120	128	1,045	1,072	2,276	2,464	1,74	2,184	2,276	3,378	-92
5	3	2	2	32	67	140	-56	120	120	48	84	80	1,189	0,972	2,343	2,343	1,482	1,728	1,683	2,845	-92
9	4	12	2	26	67	164	8			104	112	116	1,221	1,231			1,661	1,774	1,92	2,495	-92
9	1	2	2	31	67	144	-8	104	112	72	80	92	1,334	1,242	2,345	2,424	1,932	2,042	2,176	3,005	-92
5	4	11	3	28	67	156	-24	108	104	68	72	72	1,128	1,206	2,617	2,602	1,71	1,839	1,839	2,917	-92
7	3	1	1	25	67	168	32	176	228	108	116	128	1,131	1,33	2,792	3,239	1,994	2,025	2,158	2,757	-92
2	5	1	1	38	67	116	-64	60	56	12	60	60	1,381	0,92	2,146	2,081	1,536	2,146	2,146	3,023	-92
9	3	2	2	36	68	128	-28	136	136	68	76	80	1,392	1,283	2,545	2,545	1,863	2,028	2,136	2,549	-88
8	3	3	3	30	69	156	20	168	152	104	108	112	1,387	1,452	3,288	3,141	2,169	2,303	2,38	3,175	-84
7	4	14	1	29	69	160	8	164	160	88	104	104	1,189	1,181	2,51	2,52	1,758	1,96	1,96	2,52	-84
4	1	2	2	38	69	124	-40	84	76	44	68	72	1,189	1,03	2,203	2,112	1,847	2,037	2,021	2,923	-84
9	1	14	1	32	69	148	-40	132	128	40	104	116	1,322	1,115	2,718	2,67	1,619	2,42	2,439	3,071	-84
8	4	15	1	42	70	112	-36	84	88	40	52	68	1,484	1,271	2,494	2,556	1,897	2,049	2,241	3,032	-80
10	2	4	4	42	70	112	-48	80	80	32	60	68	1,477	1,172	2,425	2,425	1,816	2,197	2,323	3,294	-80
8	3	11	3	30	70	160	28	172	172	92	112	120	1,304	1,4	3,242	3,242	1,827	2,051	2,24	3,078	-80
6	2	1	1	27	70	172	12	208	212	116	120	128	1,433	1,443	3,324	3,339	2,301	2,271	2,405	2,826	-80
5	2	1	1	31	70	156	0	204	196	104	92	96	1,028	1,028	2,603	2,518	1,675	1,562	1,587	2,189	-80
7	5	3	3	38	71	132	0	104	108	84	88	88	1,315	1,315	2,688	2,761	2,323	2,617	2,617	3,411	-76
9	3	16	2	36	71	140	-28	112	124	52	100	104	1,128	1,047	1,808	2,237	1,526	1,838	1,805	2,457	-76
10	1	1	1	33	71	152	-40	72	88	52	84	100	1,426	1,184	2,135	2,329	1,861	2,24	2,469	3,373	-76
1	2	14	1	36	71	140	-32	128	100	68	72	80	1,382	1,238	2,617	2,216	1,846	1,928	2,053	2,781	-76
6	5	17	1	33	71	152	-20	140	136	100	84	108	1,18	1,174	2,686	2,589	2,052	1,988	2,172	3,046	-76
6	5	2	2	32	71	156	8	160	160	96	96	108	1,076	1,086	2,924	2,924	1,937	1,937	2,091	2,889	-76
9	1	15	2	31	72	164	-16	128	132	100	104	108	1,258	1,065	2,118	2,177	1,96	1,944	1,942	2,804	-72
8	4	3	3	37	72	140	-40	120	124	60	96	100	1,297	1,089	2,159	2,268	1,499	1,807	1,889	2,723	-72
1	4	11	2	28	72	176	24	132	132	112	112	116	1,468	1,638	3,16	3,16	2,81	2,81	2,859	3,996	-72
4	1	1	1	37	72	140	-24	112	120	84	80	88	1,297	1,2	2,619	2,742	2,204	2,161	2,293	3,168	-72
3	3	14	1	40	72	128	-8	152	144	76	72	84	1,189	1,286	3,808	3,767	1,782	1,808	2,012	2,597	-72
1	1	2	2	42	73	124	-32	92	80	48	52	52	1,53	1,284	2,503	2,281	1,878	1,911	1,911	3,057	-68
2	3	1	1	35	74	156	-8	144	148	84	104	104	1,226	1,145	2,632	2,688	1,923	2,142	2,142	2,832	-64
9	3	1	1	43	74	124	-56	108	104	52	48	60	1,355	0,981	2,562	2,534	1,861	1,778	1,971	2,877	-64
10	1	14	1	33	74	164	-40	80	84	48	72	88	1,456	1,093	2,217	2,297	1,799	2,101	2,443	3,552	-64
6	2	12	1	27	75	192	4	236	236	120	140	144	1,154	1,421	2,74	2,74	1,643	1,71	1,928	2,438	-60
7	5	2	2	43	75	128	-48	100	92	56	64	72	1,45	1,115	2,525	2,334	1,851	1,977	2,098	3,085	-60
1	4	2	2	26	75	196	12	188	188	104	128	140	1,408	1,419	2,555	2,555	2,32	2,304	2,3	2,684	-60
4	3	13	1	31	75	176	-72	84	80	40	92	108	1,616	1,104	2,136	2,075	1,803	2,258	2,452	3,48	-60
3	1	13	2	35	75	160	16	136	132	92	96	104	1,425	1,488	2,437	2,449	1,992	2,023	2,136	2,73	-60
4	3	1	1	31	75	176	-64	92	92	64	96	108	1,322	1,058	1,951	1,951	1,775	1,98	2,158	2,928	-60
1	1	16	2	42	75	132	-44	72	76	48	60	64	1,435	1,124	2,126	1,845	1,811	1,816	1,865	2,897	-60
8	4	1	1	40	76	144	-32	84	80	44	84	80	1,44	1,147	2,362	2,311	1,895	2,362	2,311	3,39	-56
8	1	15	1	32	76	176	16	180	180	112	132	132	1,084	1,082	2,416	2,416	1,551	2,072	2,072	2,815	-56
5	2	2	2	37	76	156	-64	64	72	32	72	84	1,403	1,114	1,939	2,034	1,623	2,034	2,215	3,531	-56
4	1	13	1	36	76	160	-24	128	128	72	92	100	1,35	1,209	2,624	2,624	1,978	2,173	2,269	3,295	-56
5	4	2	2	31	76	180	4	212	216	104	112	108	1,534	1,422	2,923	2,845	2,061	2,147	2,109	2,617	-56
4	3	2	2	50	76	104	-44	84	68	40	52	56	1,436	1,132	2,336	2,09	1,727	1,831	1,908	2,798	-56
3	3	1	1	39	76	148	-12	112	124	80	84	92	1,23	1,085	2,155	2,378	1,791	1,83	1,942	2,812	-56
7	5	16	2	45	77	128	-64	64	68	32	72	64	1,804	1,239	2,505	2,457	1,923	2,522	2,505	3,642	-52
1	2	15	2	41	77	144	-68	72	72	40	88	84	1,623	1,107	2,184	2,184	1,901	2,48	2,394	3,719	-52
1	2	1	1	35	77	168	-40	124	124	92	96	96	1,206	0,943	2,25	2,25	1,883	1,909	1,909	3,022	-52
5	3	17	17	45	77	128	-8	96	100	72	76	84	1,352	1,232	2,551	2,588	2,2	2,241	2,415	3,14	-52
2	1	17	2	40	77	148	-12	108	108	68	76	88	1,548	1,429	2,545	2,545	2,021	1,975	2,274	3,236	-52
2	3	2	2	38	77	156	4	180	164	96	104	104	1,315	1,199	2,707	2,554	1,845	2,04	2,04	2,744	-52
1	2	2	2	41	78	148	-72	44	44	20	76	84	1,556	1,085	1,91	1,91	1,648	2,278	2,435	3,326	-48
6	1	2	2	45	78	132	-12	112	108	72	76	80	1,336	1,234	2,833	2,669	1,793	2,124	2,3	3,371	-48
5	2	12	2	37	78	164	-68	88	80	36	60	76	1,531	1,048	2,254	2,151	1,848	1,98	2,075	3,507	-48
5	3	19	17	45	78	132	-20	112	112	76	72	76	1,29	1,093	2,411	2,411	1,924	1,445	1,924	3,034	-48
5	3	21	1	53	78	100	-56	60	60	28	48	56	1,487	1,139	2,321	2,321	1,835	2,124	2,25	3,044	-48
5	4	12	2	30	78	192	16	244	236	112	112	112	1,283	1,195	3,382	3,224	1,932	1,932	1,932	2,678	-48
7	4	2	2	36	79	172	28	156	160	100	108	108	1,253	1,325	2,475	2,61	1,688	1,752	1,752	2,698	-44
8	1	1	1	33	79	184	24	168	168	104	136	132	1,224	1,317	2,689	2,689	1,713	2,22	2,168	2,736	-44
2	3	16	2	38	80	168	32	204	204	108	108	120	1,202	1,27	2,572	2,572	1,872	1,872	2,032	2,573	-40
3	5	11	11	52	80	112	-24	136	124	56	68	72	1,382	1,289	2,641	2,556	1,689	1,792	1,939	2,475	-40
7	2	2	2	47	81	136	-36	92	96	64	68	72	1,564	1,316	2,351	2,413	1,958	1,95	2,084	3,097	-36
6	3	9	9	54	81	108	-8	128	124	52	64	64	1,518	1,362	2,671	2,654	1,77	1,936	1,936	2,535	-36
2	1	18	14	48	81	132	-8	144	128	80	88	88	1,425	1,32	3,084	2,794	2,14	2,232	2,232	2,847	-36
2	3	15	1	35	81	184	-16	192	180	100	128	132	1,137	1,17	2,838	2,768	1,851	2,194	2,152	2,737	-36
2	1	2	2	40	81	164	-8	168	172	96	120	116	1,33	1,245	2,938	2,855	1,982	2,259	2,203	2,784	-36
3	1	2	2	35	81	184	16	184	176	100	100	108	1,371	1,39	2,754	2,694	1,937	1,937	2,014	2,754	-36
2	2	18	1	52	82	120	-28	100	104	64	56	68	1,523	1,362	2,718	2,764	2,145	2,074	2,212	2,994	-32
1	1	3	3	57	82	100	-48	72	72	36	60	64	1,343	1,134	2,429	2,429	1,819	2,258	2,253	3,325	-32
5	1	13	1	48	82	136	-16	96	100	48	80	80	1,285	1,149	2,158	2,187	1,671	1,968	1,968	2,563	-32
7	5	1	1	39	82	172	12	176	176	100	104	112	1,123	1,197	2,625	2,625	1,749	1,798	1,905	2,664	-32
8	4	2	2	49	82	132	-12	132	128	56	76	80	1,511	1,288	2,627	2,557	1,528	1,673	1,652	2,627	-32
2	2	16	13	48	83	140	-20	152	148	76	88	88	1,265	1,149	2,849	2,9	1,895	2,141	2,141	2,622	-28
5	2	15	1	31	83	208	-4	188	196	108	136	140	1,22	1,26	2,313	2,355	1,685	1,945	1,918	2,499	-28
9	3	17	1	43	83	160	-40	108	108	60	92	104	1,323	1,145	2,169	2,169	1,639	1,988	2,092	2,858	-28
7	2	14	1	54	83	116	-48	92	92	32	60	36	1,395	1,035	2,38	2,38	1,6	1,936	1,703	2,726	-28
5	1	12	10	44	83	156	8	168	168	108	116	124	1,089	1,084	2,588	2,588	1,956	2,03	2,116	2,604	-28
6	3	14	9	54	83	116	-16	132	132	64	76	72	1,333	1,1	2,422	2,422	1,583	1,8	1,765	2,407	-28
5	3	1	1	54	83	116	-60	68	68	4	52	64	1,438	0,99	2,254	2,254	1,472	2,019	2,187	3,235	-28
6	5	1	1	34	84	200	-12	152	148	104	112	124	1,045	0,988	3,95	3,855	1,757	1,804	1,984	5,275	-24
2	4	12	12	55	84	116	-48	84	76	36	64	72	1,494	1,247	2,394	2,213	1,697	2,025	2,197	2,867	-24
10	2	3	3	54	84	120	-48	64	72	44	64	72	1,754	1,347	2,334	2,452	2,115	2,334	2,452	3,376	-24
7	2	1	1	53	84	124	-36	136	132	44	68	64	1,294	1,023	2,634	2,586	1,621	1,848	1,813	2,541	-24
2	4	17	1	50	85	140	-40	100	100	52	72	80	1,298	1,104	2,274	2,274	1,602	1,86	1,945	3,194	-20
8	1	2	2	33	85	208	36	272	228	148	172	176	1,105	1,184	2,889	2,499	1,926	2,136	2,168	2,615	-20
2	1	1	1	50	85	140	-8	140	148	72	64	68	1,089	1,071	2,386	2,538	1,647	1,563	1,597	2,386	-20
2	4	1	1	50	85	140	-32	84	80	64	88	100	1,367	1,016	2,426	2,365	2,063	2,532	2,676	3,536	-20
10	2	13	2	35	85	200	32	244	244	112	140	160	1,193	1,289	3,353	3,353	1,847	2,15	2,29	2,472	-20
1	3	12	12	58	86	112	-68	72	72	8	48	48	1,512	0,99	2,265	2,265	1,565	2,018	2,018	2,861	-16
5	1	1	1	48	86	152	-12	144	152	84	100	108	1,087	1,122	2,263	2,349	1,647	1,809	1,895	2,349	-16
3	4	17	11	65	86	84	-60	92	88	36	44	40	1,495	1,213	2,74	2,647	2,024	2,112	2,071	2,697	-16
1	4	10	10	57	86	116	-32	92	92	56	60	64	1,467	1,313	2,31	2,31	1,922	1,896	1,931	2,639	-16
7	5	17	1	39	87	192	4	176	176	100	124	140	1,126	1,145	2,483	2,483	1,69	1,865	1,945	2,822	-12
1	3	18	1	50	87	148	-16	176	176	68	68	76	1,283	1,197	2,796	2,796	1,72	1,72	1,828	2,521	-12
3	2	12	12	54	87	132	-8	104	100	72	84	84	1,185	1,096	2,278	2,249	1,812	1,981	1,981	2,994	-12
3	5	1	1	52	87	140	-12	124	124	76	72	72	1,391	1,279	2,792	2,792	2,117	2,057	2,057	2,907	-12
2	2	1	1	53	88	140	-40	108	104	60	68	64	1,205	0,986	2,294	2,276	1,724	1,785	1,736	2,698	-8
4	2	11	11	51	88	148	-24	112	116	68	72	88	1,441	1,346	2,631	2,68	1,911	1,971	2,38	3,093	-8
5	1	10	10	44	88	176	16	172	172	108	116	128	1,142	1,08	2,616	2,616	1,828	1,917	2,008	2,61	-8
3	2	18	1	54	88	136	-4	104	104	72	72	84	1,218	1,253	2,36	2,36	1,877	1,877	2,086	2,762	-8
7	2	11	11	57	88	124	-8	116	112	60	80	88	1,432	1,33	2,841	2,716	1,959	2,269	2,37	3,067	-8
2	5	31	28	62	89	108	-28	84	68	44	56	68	1,664	1,413	2,729	2,466	2,223	2,303	2,466	3,149	-4
1	3	1	1	50	89	156	-8	160	152	84	96	104	1,143	1,058	2,688	2,64	1,757	1,901	1,982	2,74	-4
3	5	16	1	51	89	152	-16	108	128	88	88	88	1,406	1,166	2,086	2,456	1,998	1,998	1,998	2,772	-4
7	2	17	11	57	89	128	-20	124	128	60	84	88	1,454	1,207	2,694	2,769	1,704	2,128	2,304	2,769	-4
3	4	11	11	65	89	96	-48	76	68	40	56	60	1,612	1,302	2,763	2,728	2,265	2,335	2,293	3,129	-4
8	2	1	1	48	89	164	20	212	220	96	96	108	1,197	1,3	3,276	3,405	1,754	1,754	1,901	2,545	-4
1	3	19	12	58	89	124	-76	52	52	4	60	64	1,755	1,246	2,169	2,169	1,725	2,241	2,262	3,563	-4
1	4	13	10	58	90	128	-32	100	100	56	80	84	1,273	1,116	1,952	1,952	1,676	1,687	1,725	2,345	0
1	5	13	13	62	90	112	-16	116	128	52	60	64	1,452	1,305	2,652	2,762	1,897	2,085	2,149	2,658	0
6	4	2	2	40	90	200	24	168	156	112	140	140	1,172	1,149	2,541	2,314	1,768	2,168	2,168	3,083	0
2	4	18	12	55	90	140	-56	88	88	28	84	84	1,263	0,954	2,284	2,284	1,543	1,874	1,874	3,043	0
10	4	19	2	55	90	140	-32			68	80	96	1,319	1,114			1,258	1,313	1,521	2,465	0
7	1	2	2	52	91	156	-28	112	112	96	100	104	1,339	1,077	2,763	2,763	2,448	2,524	2,633	3,486	4
8	2	14	1	47	92	180	40	184	192	124	136	132	1,076	1,353	2,926	2,977	2,052	2,245	2,203	2,869	8
4	2	13	11	50	92	168	-24	104	108	76	96	104	1,455	1,269	2,378	2,471	1,925	2,063	2,378	3,578	8
3	2	1	1	55	92	148	-16	108	100	56	100	104	1,021	0,994	2,334	2,09	1,579	2,09	2,406	3,013	8
10	3	26	18	65	93	112	-40	96	96	52	60	56	1,517	1,229	2,193	2,193	1,847	1,867	1,901	2,452	12
4	4	16	16	62	93	124	-24	124	124	44	84	76	1,223	1,066	2,466	2,466	1,438	1,785	1,773	2,466	12
4	2	15	1	55	93	152	-40	120	108	84	80	88	1,389	1,111	2,297	2,127	1,985	1,932	1,967	2,75	12
2	1	14	14	48	93	180	-4	176	188	88	108	112	1,249	1,223	2,386	2,502	1,721	1,922	1,944	2,406	12
6	1	14	1	52	95	172	-4	164	168	76	124	128	1,275	1,274	2,852	2,921	1,722	2,373	2,457	3,036	20
1	1	1	1	51	95	176	-24	168	164	68	116	112	1,076	1,109	2,591	2,551	1,432	1,896	1,866	2,767	20
6	3	1	1	62	95	132	-28	152	152	52	84	84	1,215	1,025	2,607	2,607	1,535	1,872	1,872	2,456	20
10	4	1	1	60	95	140	8	160	152	112	96	116	1,006	1,047	2,591	2,5	2,033	1,832	2,043	2,395	20
2	5	1	1	67	95	112	-56	60	64	28	44	56	1,338	0,927	2,025	2,123	1,693	1,83	1,988	2,944	20
4	2	1	1	55	96	164	-28	132	132	84	92	84	1,314	1,053	2,242	2,242	1,847	1,96	1,847	2,7	24
2	1	19	1	51	96	180	-20	168	176	88	88	96	1,293	1,227	2,302	2,384	1,828	1,828	1,853	2,414	24
10	4	20	13	57	96	156	20	144	148	104	100	112	1,366	1,229	2,458	2,559	2,071	2,127	2,263	2,572	24
10	1	19	2	58	97	156	-12	124	128	72	96	96	1,288	1,214	2,384	2,152	1,256	1,745	1,745	2,945	28
10	2	1	1	46	97	204	0	200	200	112	140	140	1,055	1,055	2,721	2,721	1,709	1,959	1,959	2,807	28
1	5	20	13	63	97	136	-28	120	116	60	84	92	1,499	1,151	2,875	2,822	2,052	2,127	2,375	3,066	28
7	3	14	11	62	97	140	4	132	136	92	108	96	1,63	1,647	3,099	3,142	2,467	2,736	2,506	3,233	28
3	4	1	1	55	97	168	4	160	152	100	100	108	1,162	1,187	2,794	2,653	1,781	1,781	2,011	2,819	28
6	2	2	2	58	97	156	12	148	160	108	100	104	1,115	1,125	2,758	3,014	1,973	1,936	2,027	2,958	28
3	4	16	1	55	97	168	8	172	176	92	112	112	1,166	1,207	2,531	2,588	1,624	2,036	2,036	2,657	28
8	3	2	2	44	97	212	56	164	168	140	148	164	1,1	1,477	2,584	2,669	2,163	2,279	2,584	3,45	28
1	5	19	1	61	97	144	20	148	144	100	88	92	1,23	1,209	2,666	2,635	2,118	1,833	1,885	2,635	28
6	3	18	1	62	98	144	-36	144	140	68	100	104	1,071	1,1	2,549	2,489	1,579	1,927	1,988	2,549	32
10	2	1	1	45	98	212	0	204	204	120	144	140	1,041	1,041	2,721	2,721	1,735	1,959	1,927	2,777	32
1	5	20	13	63	98	140	-28	116	116	60	84	92	1,499	1,151	2,822	2,822	2,052	2,127	2,375	3,293	32
10	1	23	1	71	98	108	-64	84	76	4	60	64	1,684	1,323	2,552	2,458	1,689	2,254	2,294	2,983	32
3	1	1	1	27	99	288	136			232	224	236	1,115	1,439			2,199	2,086	2,277	2,972	36
9	1	17	1	67	99	128	-12	148	100	72	76	68	1,417	1,258	3,21	2,537	2,094	2,067	2,063	2,994	36
10	3	22	1	61	99	152	-4	136	128	92	96	96	1,273	1,243	2,467	2,337	1,84	1,946	1,946	2,756	36
10	4	13	13	57	99	168	16	184	184	100	104	124	1,442	1,448	2,721	2,721	1,975	2,072	2,08	2,709	36
7	3	2	2	65	99	136	-20			72	84	88	1,625	1,408			2,408	2,68	2,707	2,865	36
10	1	2	2	59	99	160	-20	120	124	76	88	96	1,107	1,078	2,052	2,244	1,542	1,61	1,743	2,743	36
1	4	1	1	58	100	168	-12	136	132	84	100	100	1,392	1,294	2,728	2,658	2,075	2,256	2,256	3,24	40
8	3	1	1	50	100	200	44	224	212	148	144	148	1,118	1,345	3,164	3,057	2,217	2,16	2,217	2,994	40
10	1	1	1	71	100	116	-84	60	64	0	60	68	1,506	0,904	2,081	2,151	1,506	2,081	2,183	2,968	40
8	1	14	2	36	100	256	40			148	172	168	1,097	1,2			1,45	1,849	1,822	2,245	40
10	1	1	1	72	100	112	-88	56	60	-4	52	64	1,522	0,904	2,081	2,151	1,506	2,056	2,183	2,968	40
1	2	21	2	78	101	92	-60	32	32	28	44	44	1,537	1,03	1,978	1,978	1,722	2,251	2,251	2,902	44
1	5	1	1	61	101	160	24	192	184	104	96	104	1,225	1,373	3,258	3,19	2,175	2,114	2,175	2,954	44
1	1	17	1	50	101	204	-16	188	184	76	140	148	1,248	1,166	2,656	2,59	1,546	2,074	2,139	2,897	44
9	1	14	14	69	102	132	-28	80	80	56	64	60	1,615	1,415	2,372	2,372	2,051	2,193	2,146	3,466	48
6	2	14	2	59	102	172	8			100	84	96	1,571	1,506			2,373	2,148	2,331	3,253	48
7	3	11	11	62	102	160	-4	140	136	100	100	112	1,414	1,379	2,946	2,867	2,325	2,325	2,523	3,267	48
8	4	15	15	70	102	128	-24	96	96	64	88	64	1,471	1,183	2,357	2,357	1,879	2,268	1,879	2,693	48
5	4	3	3	65	103	152	-20	116	112	60	96	100	1,47	1,287	2,581	2,578	1,565	2,001	2,155	3,349	52
4	3	13	13	75	103	112	-92	52	52	4	44	52	1,66	1,111	2,214	2,214	1,748	2,172	2,214	2,99	52
5	3	21	21	79	103	96	-52	60	56	24	24	52	1,573	1,122	2,448	2,427	1,889	1,889	2,26	3,17	52
9	4	19	1	62	103	164	12	176	168	96	104	108	1,279	1,29	2,891	2,803	2,011	1,987	2,033	3,019	52
7	5	2	2	75	103	112	-28	88	92	44	60	68	1,43	1,195	2,538	2,856	1,753	2,048	2,131	2,837	52
5	3	25	21	79	103	96	-44	88	88	36	68	60	1,489	1,126	2,744	2,744	1,844	2,392	2,184	2,988	52
10	5	18	1	62	103	164	16	168	160	108	108	108	1,164	1,319	2,836	2,765	2,055	2,055	2,055	2,769	52
1	2	14	14	71	103	128	-12	148	148	76	100	100	1,223	1,192	2,58	2,58	1,942	2,343	2,343	2,411	52
1	2	1	1	77	103	104	-44	104	108	48	64	60	1,384	1,174	2,752	2,704	1,848	2,02	1,996	2,752	52
11	3	1	1	67	103	144	12	152	152	96	96	96	1,232	1,259	3,043	3,043	2,187	2,187	2,187	2,953	52
10	2	16	1	46	103	228	8	240	244	136	188	192	1,115	1,035	2,926	2,906	1,846	2,378	2,406	2,942	52
6	5	19	1	79	104	100	-32	76	64	36	52	56	1,683	1,418	2,647	2,508	2,056	2,305	2,405	2,91	56
4	4	19	1	58	104	184	28	188	188	120	132	128	1,33	1,381	3,166	3,166	2,44	2,562	2,555	3,204	56
2	5	32	1	67	104	148	-60	64	68	48	92	104	1,527	1,182	2,24	2,257	2,125	2,672	2,801	3,56	56
4	4	1	1	58	104	184	28	164	164	116	116	128	1,068	1,289	2,695	2,695	1,952	1,952	2,18	2,896	56
10	1	22	14	74	104	120	-104	24	24	16	36	48	1,747	0,965	1,945	1,945	1,871	1,935	2,015	3,351	56
10	4	22	1	63	104	164	8	188	184	80	108	104	1,345	1,361	2,659	2,583	1,886	2,044	2,044	2,573	56
6	5	20	17	71	105	136	-12	120	116	84	80	84	1,456	1,322	3,005	2,977	2,35	2,272	2,35	3,544	60
4	1	1	1	72	105	132	-28	96	100	52	72	80	1,499	1,313	2,608	2,687	1,969	2,261	2,374	3,127	60
10	2	2	2	75	105	120	-4	116	112	76	84	76	1,372	1,352	2,832	2,733	2,062	2,253	2,062	2,951	60
6	1	15	12	67	105	152	-52	76	80	52	76	76	1,609	1,247	2,182	2,221	1,802	2,182	2,182	3,286	60
4	1	19	1	71	106	140	-24	108	116	76	80	88	1,478	1,235	2,63	2,707	2,081	2,236	2,324	3,074	64
9	3	21	1	74	106	128	-24	92	100	68	56	60	1,395	1,255	2,311	2,42	1,946	1,83	1,852	2,878	64
4	4	20	16	62	106	176	-16	120	148	84	108	108	1,362	1,296	2,225	2,679	1,549	1,836	1,836	3,358	64
5	2	18	2	76	106	120	-80	44	44	8	48	52	1,628	0,978	2,001	2,001	1,604	2,089	2,188	3,341	64
10	5	1	1	62	106	176	8	212	192	100	116	124	1,08	1,179	3,145	2,827	1,941	2,074	2,113	2,654	64
7	4	19	14	68	106	152	4	160	180	112	96	104	1,411	1,25	2,35	2,386	1,632	1,689	1,597	2,224	64
1	2	20	1	78	107	116	-44	96	100	32	68	68	1,511	1,11	2,707	2,755	1,636	2,176	2,176	2,723	68
3	1	11	1	26	107	324	160	316	320	268	268	272	1,107	1,508	2,929	3,046	2,412	2,412	2,45	3,094	68
5	2	2	2	76	107	124	-96	40	36	0	44	52	1,734	1,007	1,926	1,906	1,734	2,041	2,089	3,153	68
2	3	1	1	73	107	136	-8	168	156	76	60	76	1,233	1,148	2,669	2,593	1,894	1,683	1,894	2,565	68
8	4	18	15	70	107	148	-24	112	108	64	88	84	1,403	1,28	2,055	1,968	1,445	1,777	1,68	3,243	68
7	4	18	1	67	108	164	0	180	168	100	112	100	1,279	1,279	2,524	2,418	1,926	2,016	1,926	2,409	72
6	1	1	1	53	109	224	-16	132	128	96	160	156	1,129	1,139	2,21	2,179	1,808	2,586	2,521	3,444	76
7	5	19	2	75	109	136	-56	80	92	76	92	92	1,507	1,069	2,333	2,853	2,284	2,853	2,853	3,944	76
6	1	12	12	67	109	168	-72	60	64	36	76	76	1,664	1,119	2,26	2,338	1,916	2,425	2,425	3,4	76
1	2	19	14	71	110	156	-48	132	132	60	84	96	1,401	1,114	2,349	2,349	1,85	1,648	1,709	2,609	80
6	2	1	1	70	110	160	36	184	176	144	112	120	1,433	1,699	3,438	3,347	2,914	2,535	2,616	3,242	80
5	3	1	1	83	110	108	-48	60	64	28	56	52	1,526	1,09	2,173	2,239	1,768	2,107	2,058	2,958	80
8	3	13	2	44	110	264	80	256	260	188	192	196	1,213	1,628	2,854	2,847	2,222	2,254	2,25	2,794	80
10	1	14	14	74	110	144	-92	36	48	4	72	68	1,654	1,071	1,913	2,046	1,675	2,396	2,402	3,155	80
1	2	2	2	78	110	128	-96	40	36	0	48	68	1,593	1,183	2,011	1,948	1,593	2,213	2,566	3,147	80
8	3	3	3	69	110	164	-4	124	120	96	92	100	1,498	1,416	3,069	3,006	2,663	2,582	2,715	2,807	80
1	1	2	2	73	111	152	-32	92	84	56	92	92	1,346	1,128	2,361	2,296	1,959	2,361	2,361	3,155	84
6	4	1	1	64	111	188	-60	160	156	36	120	120	1,445	1,032	2,387	2,365	1,597	2,033	2,033	2,842	84
9	4	1	1	62	111	196	12	232	224	152	136	148	1,166	1,145	2,826	2,751	2,172	2,025	2,155	2,69	84
8	4	19	1	75	111	144	-60	72	72	36	64	72	1,52	1,132	2,153	2,153	1,724	2,054	2,153	3,28	84
3	3	1	1	76	111	140	-40	88	88	60	76	80	1,298	1,041	2,037	2,037	1,714	1,888	1,965	2,835	84
2	4	21	1	86	111	100	-60	68	72	16	56	44	1,771	1,189	2,665	2,728	1,937	2,501	2,31	3,291	84
5	3	27	1	83	111	112	-52	96	92	24	48	52	1,531	1,13	2,624	2,504	1,646	1,933	1,987	2,763	84
7	4	1	1	66	112	184	-4	200	196	128	100	120	1,129	1,102	2,664	2,61	1,947	1,66	1,785	2,535	88
6	5	1	1	84	112	112	-44	56	52	28	52	48	1,355	1,038	1,983	1,961	1,64	1,961	1,882	2,945	88
1	1	20	2	73	112	156	-44	64	64	56	76	84	1,593	1,253	2,249	2,249	2,158	2,475	2,666	3,775	88
3	3	17	1	76	113	148	-24	124	112	64	92	96	1,359	1,118	2,753	2,57	1,709	2,214	2,135	3,07	92
7	4	14	14	69	113	176	4	180	188	112	116	116	1,1	1,084	2,148	2,309	1,525	1,544	1,544	2,373	92
1	4	14	1	58	113	220	4	160	160	96	108	136	1,184	1,21	2,388	2,388	1,714	1,809	1,988	3,261	92
5	2	19	1	71	113	168	28	188	228	132	116	120	1,015	1,07	2,794	3,137	1,947	1,732	1,766	2,354	92
8	1	21	1	78	113	140	-12	144	136	92	92	80	1,499	1,206	2,597	2,678	2,051	2,051	1,851	2,568	92
8	3	14	1	50	114	256	84	264	264	200	176	172	1,352	1,628	3,254	3,254	2,585	2,317	2,256	3,196	96
10	2	20	2	74	114	160	4	128	128	100	92	104	1,212	1,279	2,573	2,573	2,281	2,158	2,335	3,081	96
7	2	14	14	83	114	124	-28	156	136	68	68	72	1,317	1,159	2,78	2,621	1,769	1,769	1,761	2,742	96
3	1	13	13	75	114	156	-28	100	104	76	96	96	1,533	1,333	2,42	2,716	2,04	2,391	2,391	3,527	96
9	1	1	1	69	115	184	-20	92	96	80	84	92	1,296	1,103	2,123	2,164	1,934	2,032	2,123	3,071	100
7	3	1	1	67	115	192	12	204	208	164	140	160	1,298	1,314	2,953	2,984	2,38	2,136	2,325	2,852	100
2	4	1	1	85	116	124	-56	52	52	24	68	72	1,659	1,238	2,298	2,298	1,872	2,51	2,596	3,271	104
4	3	1	1	75	116	164	-80	68	72	28	88	84	1,307	0,916	1,836	1,905	1,6	2,036	2,017	3,149	104
7	2	20	14	82	116	136	-20	128	124	88	92	88	1,227	1,112	2,465	2,421	2,09	2,112	2,09	2,562	104
11	1	23	1	75	116	164	-12	148	144	100	84	96	1,104	1,093	2,504	2,459	1,838	1,597	1,779	2,809	104
2	2	22	18	82	117	140	-16	132	136	72	52	64	1,543	1,464	2,916	2,94	2,232	2,129	2,202	2,981	108
3	5	21	16	89	117	112	0	104	116	68	72	72	1,399	1,399	2,409	2,661	1,774	1,854	1,854	2,704	108
5	1	13	13	81	117	144	-40	136	132	76	80	84	1,293	1,075	2,596	2,573	1,853	1,888	2,003	2,718	108
2	3	21	1	72	118	184	-4	124	124	84	92	92	1,304	1,285	2,266	2,266	1,88	1,945	1,945	3,12	112
2	5	28	28	63	118	220	-44	184	180	84	152	164	1,219	0,94	2,386	2,362	1,733	2,092	2,147	2,717	112
10	4	2	2	86	119	132	-16			124	96	104	1,262	0,994			2,699	1,671	1,911	2,725	116
6	4	19	1	65	119	216	-76	156	156	32	152	164	1,325	1,077	2,16	2,16	1,499	2,116	2,337	3,221	116
4	3	18	1	75	120	180	-92	80	80	-4	96	104	1,418	1,01	2,12	2,12	1,395	2,238	2,323	3,186	120
6	2	16	1	70	120	200	28	180	176	168	152	160	1,22	1,248	3,11	3,005	2,822	2,52	2,734	3,395	120
3	5	16	16	89	120	124	-44	76	76	64	76	76	1,242	1,027	2,356	2,356	2,026	2,356	2,356	3,087	120
11	1	13	13	75	121	184	-20	144	140	132	140	136	1,021	1,026	2,265	2,141	1,983	2,141	2,031	2,901	124
9	3	1	1	74	121	188	-16	124	120	80	100	108	1,297	1,113	2,41	2,388	1,913	2,149	2,25	3,045	124
3	1	17	2	82	121	156	-16	152	152	116	96	112	1,337	1,236	2,464	2,464	2,176	1,91	2,33	2,714	124
5	2	15	15	83	121	152	-24	140	144	76	88	104	1,217	1,148	2,451	2,603	1,609	1,793	1,917	2,692	124
5	1	16	13	81	123	168	-24	180	180	124	108	112	1,169	1,036	2,765	2,765	2,098	1,941	1,969	2,646	132
4	2	11	11	88	124	144	-48	132	132	60	88	84	1,489	1,309	2,721	2,721	1,798	2,153	2,191	2,819	136
1	3	12	12	86	125	156	-48	108	108	72	108	104	1,362	1,103	2,126	2,126	1,658	2,126	2,081	2,86	140
7	2	19	1	84	125	164	-4	156	156	108	108	96	1,221	1,206	2,434	2,434	2,081	2,081	1,967	2,406	140
2	1	18	18	80	125	180	16			140	136	140	1,292	1,337			2,236	2,167	2,236	3,022	140
3	2	18	18	84	126	168	-8	140	136	132	116	116	1,16	1,222	2,664	2,515	2,525	2,116	2,116	3,467	144
11	2	22	2	84	127	172	4	172	172	116	112	136	1,254	1,382	2,901	2,901	2,162	2,149	2,319	2,901	148
7	5	1	1	82	128	184	4	188	184	120	116	124	1,234	1,225	2,691	2,745	2,102	2,075	2,151	2,745	152
7	2	1	1	84	128	176	12	152	148	136	108	112	1,117	1,227	2,682	2,62	2,46	2,153	2,214	2,86	152
4	2	19	11	88	128	160	-36	140	136	112	76	88	1,464	1,214	2,676	2,545	2,512	2,284	2,333	2,828	152
10	1	22	22	104	129	100	-88	64	72	48	52	40	1,512	1,1	2,198	2,281	2,022	2,086	2,086	2,783	156
1	4	10	10	87	129	168	-28	136	128	116	100	100	1,248	1,081	2,427	2,444	2,327	2,263	2,263	2,786	156
5	4	2	2	76	129	212	28	232	232	168	160	164	1,355	1,389	3,042	3,042	2,467	2,424	2,448	3,125	156
8	1	1	1	78	129	204	-16	192	184	176	116	120	1,402	1,28	2,734	2,696	2,606	2,105	2,153	2,829	156
9	4	14	14	85	130	180	-16	140	152	128	112	120	1,256	1,137	2,66	2,808	2,368	2,354	2,327	3,227	160
8	4	1	1	76	130	216	-56	48	48	32	56	56	1,623	1,236	1,905	1,905	1,774	1,957	1,957	3,185	160
8	5	21	19	91	130	156	-16	108	108	100	104	96	1,44	1,42	2,524	2,524	2,174	2,279	1,955	3,421	160
2	5	34	1	95	130	140	-44	72	72	64	60	80	1,431	1,116	2,225	2,225	2,122	2,027	2,33	3,336	160
3	5	1	1	87	130	172	-16	120	116	100	96	104	1,33	1,156	2,519	2,432	2,225	2,18	2,293	3,44	160
7	3	16	1	67	130	252	68	256	260	220	200	208	1,303	1,562	3,257	3,451	2,662	2,433	2,454	3,155	160
2	5	35	32	104	131	108	-80	40	44	44	60	56	1,642	1,126	2,05	2,211	2,211	2,311	2,331	3,413	164
1	1	23	1	95	131	144	-12	124	112	100	100	104	1,475	1,358	2,757	2,484	2,319	2,319	2,39	3,077	164
9	1	14	14	103	131	112	-56	68	72	60	44	72	1,738	1,322	2,493	2,595	2,441	2,245	2,595	3,315	164
2	5	1	1	95	131	144	-48	80	84	88	92	88	1,327	1,029	2,103	2,139	2,232	2,282	2,232	3,022	164
3	5	20	1	86	132	184	-16	132	132	132	140	144	1,36	1,318	2,435	2,435	2,435	2,625	2,636	3,454	168
2	5	32	32	104	132	112	-76	44	40	40	52	60	1,745	1,17	2,234	2,245	2,245	2,348	2,467	3,285	168
5	1	10	10	88	132	176	-4	160	160	116	144	140	1,288	1,254	2,978	2,978	2,395	2,624	2,7	3,435	168
2	1	1	1	85	132	188	4	148	148	124	128	128	1,14	1,167	2,497	2,497	2,238	2,282	2,282	3,163	168
9	4	23	14	85	132	188	-12	156	156	136	116	140	1,709	1,522	2,871	2,871	2,608	2,488	2,651	3,169	168
2	2	18	18	82	133	204	-24	160	168	120	124	128	1,294	1,134	2,489	2,569	2,169	2,209	2,242	3,077	172
3	1	2	2	81	133	208	-4			112	136	152	1,413	1,384			1,845	1,582	1,743	2,644	172
6	3	9	9	81	133	208	-4	192	196	136	132	132	1,224	1,176	2,821	2,711	1,906	1,841	1,841	2,724	172
1	1	1	1	95	133	152	-8	116	116	112	100	104	1,09	1,008	2,201	2,201	2,151	1,955	2,018	2,64	172
5	2	1	1	71	134	252	32	208	212	132	164	192	0,994	1,205	2,932	2,842	1,997	2,106	2,434	3,274	176
2	2	24	1	89	135	184	-36	116	124	116	100	108	1,473	1,199	2,316	2,377	2,316	2,192	2,243	3,278	180
8	5	15	15	98	136	152	-36	100	104	92	84	84	1,317	1,175	2,139	2,253	2,193	2,142	2,142	3,24	184
10	4	20	20	96	136	160	-12	120	120	108	100	104	1,421	1,388	2,784	2,784	2,53	2,49	2,547	3,248	184
5	1	19	1	86	137	204	0	172	176	148	124	124	1,158	1,158	2,551	2,615	2,314	1,984	1,984	3,086	188
4	2	20	15	99	137	152	-52	104	100	100	88	100	1,55	1,262	2,191	2,119	2,119	1,995	2,119	2,933	188
1	5	19	19	96	137	164	0	124	128	120	92	100	1,433	1,433	2,599	2,725	2,476	1,97	2,053	3,438	188
11	2	1	1	94	138	176	-24	136	136	128	116	112	1,252	1,061	2,388	2,388	2,309	2,077	2,028	2,882	192
9	3	17	17	83	138	220	-56	160	160	76	140	132	1,314	1,026	2,061	2,061	1,691	1,959	1,736	2,596	192
1	5	13	13	90	138	192	4	144	144	136	132	148	1,208	1,179	2,618	2,618	2,502	2,417	2,642	3,658	192
11	2	25	1	94	139	180	-24	140	136	124	120	128	1,456	1,269	2,65	2,578	2,436	2,39	2,526	3,515	196
9	3	23	17	83	139	224	-68	128	128	60	88	88	1,379	1,013	2,125	2,125	1,665	1,945	1,945	2,934	196
1	4	17	10	86	139	212	-28	184	172	132	120	132	1,229	1,164	2,42	2,641	2,271	2,193	2,271	2,856	196
3	1	1	1	95	140	180	-12	160	164	136	120	128	1,228	1,312	2,749	2,846	2,427	2,226	2,275	3,041	200
2	4	21	21	111	140	116	-32	68	48	48	56	72	1,671	1,384	2,48	2,114	2,114	2,279	2,504	3,338	200
3	4	23	1	97	140	172	-16	124	128	124	104	112	1,195	1,176	2,507	2,618	2,507	2,208	2,324	3,376	200
8	5	25	1	103	140	148	-52	132	132	92	92	92	1,459	1,16	2,407	2,407	1,989	1,989	1,989	2,45	200
2	2	1	1	88	141	212	-32	192	188	120	140	144	1,139	1,095	2,629	2,577	1,849	2,072	2,112	2,914	204
1	3	21	1	89	141	208	-4	160	160	144	140	156	1,277	1,228	2,555	2,555	2,255	2,197	2,481	3,352	204
3	2	1	1	92	141	196	40	132	136	124	104	108	1,28	1,319	2,135	2,178	2,095	1,912	1,915	2,813	204
8	4	19	19	111	141	120	-72	68	68	44	48	68	1,601	1,132	2,286	2,286	1,905	1,985	2,286	2,915	204
10	1	26	23	98	141	172	-28	100	100	88	88	104	1,398	1,16	2,175	2,175	2,102	2,102	2,066	2,741	204
3	2	22	1	92	141	196	-48	104	104	80	92	96	1,603	1,2	2,341	2,341	2,124	2,248	2,273	3,793	204
9	1	17	17	99	141	168	20	128	124	124	124	128	1,509	1,53	3,096	3,016	3,016	3,016	3,096	4,174	204
2	3	15	15	81	141	240	8	180	176	168	184	188	1,302	1,34	2,365	2,391	2,236	2,562	2,539	3,45	204
3	4	1	1	97	142	180	-12	148	144	136	124	124	1,443	1,333	2,881	2,801	2,691	2,497	2,497	3,36	208
4	1	21	1	104	143	156	-36	76	72	68	72	84	1,523	1,257	2,204	2,147	2,092	2,147	2,31	3,525	212
10	3	1	1	91	143	208	-32	128	124	116	116	132	1,29	1,118	2,281	2,23	2,152	2,152	2,319	3,314	212
5	3	21	21	103	144	164	-44	92	92	84	88	96	1,443	1,127	2,244	2,244	2,129	2,19	2,286	3,857	216
8	5	1	1	104	144	160	-60	156	160	100	100	116	1,408	1,159	2,59	2,526	1,985	1,985	2,127	2,526	216
1	4	18	1	100	144	176	-32	140	144	112	100	104	1,669	1,35	2,765	2,856	2,344	2,311	2,309	3,269	216
2	4	28	21	112	145	132	-28	56	60	52	76	76	1,565	1,267	2,01	2,036	1,985	2,387	2,387	3,435	220
10	2	24	1	97	145	192	-12	160	156	136	124	124	1,428	1,248	2,513	2,447	2,254	2,112	2,112	3,006	220
4	3	23	1	115	145	120	-68	48	48	44	52	64	1,511	1,11	1,958	1,958	1,918	2,082	2,253	3,175	220
4	4	16	16	93	146	212	0	144	152	140	160	160	1,327	1,327	2,155	2,247	2,05	2,509	2,509	3,838	224
1	3	1	1	88	146	232	4	212	220	160	148	172	1,229	1,292	2,735	2,869	2,27	2,121	2,38	3,094	224
4	4	1	1	104	146	168	-20	116	120	116	108	112	1,34	1,141	2,293	2,389	2,293	2,172	2,233	3,28	224
5	4	18	2	76	147	284	48	224	228	220	192	204	1,144	1,138	2,097	2,181	2,022	1,788	2,101	2,94	228
8	2	1	1	89	147	232	-8	188	188	184	156	168	1,16	1,131	3,144	3,144	3,06	2,621	2,794	3,741	228
7	5	23	17	87	147	240	-16	168	164	164	180	192	1,471	1,22	2,333	2,32	2,32	2,667	2,823	3,628	228
6	5	23	1	112	147	140	-72	72	72	64	64	68	1,483	0,966	2,153	2,153	2,087	2,087	2,107	3,216	228
2	1	24	1	84	147	252	-16	172	180	164	168	184	1,087	1,079	2,355	2,451	2,274	2,343	2,497	3,495	228
5	1	1	1	86	148	248	-8	216	220	180	144	164	1,058	1,08	2,372	2,388	2,137	1,826	1,982	2,688	232
8	3	20	1	101	148	188	4	152	152	136	108	120	1,497	1,505	2,992	2,992	2,76	2,438	2,631	3,749	232
5	3	1	1	110	148	152	-48	84	84	84	92	88	1,354	1,039	2,227	2,227	2,227	2,364	2,277	3,582	232
4	3	1	1	116	148	128	-88	60	60	48	52	56	1,432	0,892	2,098	2,098	1,956	2,017	2,055	3,169	232
8	5	19	19	91	149	232	-16	180	184	156	120	156	1,197	1,144	2,364	2,373	2,051	1,846	2,051	3,018	236
7	3	11	11	102	149	188	-24	124	120	112	120	120	1,598	1,396	2,684	2,681	2,403	2,681	2,681	3,695	236
10	1	25	1	100	149	196	-60	92	104	56	124	132	1,452	1,01	2,214	2,364	1,792	2,518	2,674	3,45	236
5	3	29	1	109	149	160	-32	88	92	88	88	96	1,386	1,146	2,218	2,246	2,218	2,218	2,353	3,493	236
4	4	23	19	103	149	184	8	152	152	140	120	144	1,692	1,613	2,709	2,709	2,52	2,418	2,635	3,212	236
4	1	22	19	106	149	172	-24	72	76	60	76	96	1,454	1,319	2,296	2,473	1,715	2,473	2,765	4,228	236
10	1	23	23	98	150	208	-20	112	128	96	136	108	1,471	1,231	2,488	2,631	2,365	2,694	2,404	3,403	240
4	1	19	19	106	150	176	-36	88	92	64	84	88	1,445	1,255	2,194	2,299	1,981	2,17	2,194	3,52	240
10	1	1	1	100	150	200	-64	100	100	88	92	100	1,349	1,037	2,05	2,05	1,973	2,019	2,05	3,364	240
10	5	18	18	103	150	188	4	156	156	140	144	152	1,397	1,444	2,809	2,809	2,434	2,503	2,7	3,463	240
5	5	1	1	112	150	152	-40	100	100	100	104	108	1,537	1,258	2,537	2,537	2,537	2,589	2,678	3,699	240
1	3	18	18	87	151	256	-32	224	224	212	192	208	1,244	1,203	2,526	2,526	2,411	2,195	2,351	3,083	244
9	1	23	17	100	151	204	-44	112	112	108	136	160	1,355	1,138	2,84	2,84	2,728	2,928	3,584	3,968	244
10	4	31	22	104	152	192	20	168	168	116	136	148	1,103	1,155	2,774	2,774	1,957	2,582	2,279	3,163	248
6	3	1	1	95	152	228	4	140	140	132	152	164	1,1	1,134	2,123	2,123	2,085	2,282	2,56	3,617	248
9	5	1	1	111	152	164	-12	112	100	96	92	100	1,117	0,975	2,419	2,221	2,117	2,063	2,221	3,511	248
9	3	24	21	107	152	180	-28	96	92	80	84	112	1,314	1,245	1,999	1,983	2,02	2,017	2,163	3,056	248
8	3	1	1	99	153	216	28	180	188	168	152	160	1,302	1,448	2,914	3,027	2,689	2,459	2,552	3,344	252
6	5	1	1	112	153	164	-56	88	88	36	96	92	1,273	0,898	2,168	2,168	1,56	2,256	2,188	3,389	252
10	2	2	2	106	153	188	-8	128	124	124	136	132	1,282	1,344	2,686	2,641	2,641	3,037	2,93	4,047	252
4	3	18	18	120	153	132	-92	84	76	48	52	76	1,579	1,121	2,386	2,251	1,949	1,963	2,251	3,208	252
2	3	21	21	118	153	140	-52	68	72	48	76	88	1,541	1,324	2,204	2,26	1,954	2,309	2,563	3,692	252
8	1	21	21	114	153	156	-4	124	120	116	92	96	1,193	1,176	2,576	2,521	2,457	2,141	2,257	3,355	252
9	5	45	1	111	154	172	-4	100	100	96	100	112	1,537	1,483	2,539	2,539	2,483	2,539	2,768	3,839	256
8	4	15	15	103	154	204	-40	132	128	128	132	144	1,284	1,253	2,359	2,341	2,341	2,359	2,536	3,44	256
10	3	18	18	92	154	248	20	192	192	184	152	176	1,25	1,267	2,651	2,651	2,751	1,867	2,68	3,633	256
4	2	15	15	99	155	224	-52	136	148	132	132	136	1,312	1,099	2,123	2,215	2,103	2,103	2,123	2,952	260
10	3	22	22	99	155	224	-12	160	160	152	164	164	1,217	1,136	2,484	2,484	2,366	2,563	2,563	3,713	260
2	5	39	34	130	155	100	-64	68	72	44	44	48	1,586	1,064	2,404	2,411	2,042	2,042	2,07	2,729	260
10	5	26	1	105	155	200	16	176	172	152	136	156	1,449	1,395	2,938	2,806	2,675	2,402	2,706	3,205	260
9	4	24	19	103	155	208	0	168	168	144	136	144	1,441	1,441	2,826	2,826	2,782	2,784	2,782	3,313	260
8	4	23	19	110	155	180	-64	68	68	68	72	96	1,431	1,056	2,112	2,112	2,112	2,015	2,231	3,329	260
9	4	19	19	103	156	212	8	144	144	136	132	140	1,416	1,387	2,822	2,822	2,769	2,622	2,809	3,941	264
9	1	1	1	115	156	164	-72	72	72	64	92	108	1,345	1,023	1,999	1,999	1,915	2,288	2,518	3,562	264
10	2	16	16	104	156	208	4	168	164	152	136	152	1,578	1,525	2,925	2,955	2,667	2,547	2,667	3,466	264
2	4	1	1	115	156	164	-72	88	88	80	84	84	1,521	1,142	2,289	2,289	2,2	2,26	2,26	3,358	264
6	1	14	14	95	157	248	-12	160	164	156	140	160	1,373	1,252	2,404	2,571	2,368	2,233	2,404	3,077	268
4	3	24	18	120	157	148	-92	84	80	52	68	64	1,388	1,073	2,217	2,136	1,729	2	1,808	3,531	268
2	3	26	21	118	157	156	-60	76	84	76	96	104	1,404	0,995	2,022	2,108	2,022	2,352	2,556	3,444	268
1	4	20	14	112	157	180	-56	92	100	84	84	100	1,61	1,153	2,139	2,233	2,212	2,212	2,233	3,39	268
2	5	34	34	130	157	108	-64	72	60	40	60	60	1,573	1,193	2,444	2,219	1,951	2,219	2,219	3,156	268
4	1	1	1	105	158	212	-40	92	96	84	112	116	1,349	1,213	2,087	2,101	1,967	2,201	2,207	3,346	272
10	5	1	1	106	158	208	40	180	188	152	152	168	1,164	1,353	2,852	3,004	2,384	2,384	2,625	3,371	272
2	4	27	1	115	158	172	-64	76	80	80	88	104	1,61	1,19	2,233	2,274	2,274	2,364	2,534	3,473	272
7	3	1	1	115	158	172	12	148	148	120	120	124	1,345	1,367	2,996	2,996	2,43	2,43	2,484	3,342	272
1	1	17	17	102	158	224	-20			148	160	164	1,282	1,108			2,133	2,442	2,451	3,311	272
1	4	14	14	114	158	176	-64	100	100	96	84	100	1,56	1,144	2,297	2,297	2,219	2,186	2,297	3,231	272
1	4	1	1	100	158	232	-28	164	176	136	144	164	1,402	1,146	2,356	2,455	2,137	2,234	2,356	2,916	272
6	4	23	19	118	159	164	-52	88	88	80	88	80	1,461	1,064	1,877	1,877	1,698	1,877	1,698	3,053	276
10	2	1	1	98	159	244	-8	152	148	124	164	188	1,222	1,17	2,036	1,994	1,798	2,22	2,548	3,531	276
6	4	19	19	118	160	168	-44	84	88	88	88	84	1,554	1,269	2,451	2,536	2,536	2,536	2,451	3,683	280
8	1	24	21	112	160	192	-4	136	140	124	124	128	1,276	1,243	2,636	2,658	2,502	2,502	2,559	3,752	280
4	4	24	1	104	160	224	-20	144	140	136	128	132	1,398	1,297	2,462	2,457	2,37	2,304	2,336	3,249	280
6	1	1	1	108	160	208	-88	100	100	96	112	132	1,724	1,09	2,241	2,241	2,169	2,385	2,534	3,876	280
3	5	20	20	132	160	112	-44	96	92	48	64	72	1,532	1,137	2,685	2,604	1,87	2,156	2,394	2,835	280
9	1	26	1	115	160	180	-96	64	68	60	92	116	1,546	1,169	2,151	2,194	2,11	2,472	2,789	3,697	280
5	3	27	27	111	160	196	-16	116	116	108	120	128	1,295	1,265	2,247	2,247	2,149	2,247	2,301	3,523	280
11	2	20	20	98	160	248	-48	152	156	136	168	156	1,512	1,274	2,203	2,398	2,062	2,346	2,398	3,626	280
5	2	15	15	121	161	160	-8	120	116	108	84	96	1,374	1,378	3,239	3,24	2,91	2,491	2,664	4,373	284
9	3	21	21	106	161	220	-36	124	124	120	100	128	1,324	1,117	2,09	2,09	2,107	1,94	2,157	3,379	284
3	3	1	1	111	161	200	-48	100	108	96	92	96	1,244	1,026	1,942	2,033	1,898	1,835	1,898	3,101	284
11	3	1	1	104	162	232	4	184	176	168	176	176	1,32	1,338	2,739	2,634	2,517	2,634	2,634	3,72	288
4	5	18	18	123	162	156	-36	120	116	104	96	100	2,038	1,407	2,919	2,817	2,726	2,646	2,69	3,224	288
3	5	16	16	120	162	168	-48	84	88	88	100	104	1,281	1,049	2,403	2,348	2,348	2,693	2,756	4,109	288
9	1	17	17	141	162	84	-40	56	60	44	40	44	2,049	1,635	2,975	3,051	2,757	2,689	2,757	3,433	288
1	1	23	23	132	162	120	-12	96	96	76	68	76	1,437	1,515	2,828	2,828	2,425	2,316	2,425	3,053	288
8	5	21	21	129	163	136	-48	60	60	56	56	60	1,564	1,247	1,762	1,762	1,683	1,683	1,762	3,13	292
7	5	22	1	82	164	328	0	248	248	248	248	256	1,288	1,288	2,465	2,465	2,465	2,465	2,553	3,589	296
3	3	17	17	113	164	204	-28	104	108	100	112	116	1,542	1,298	2,337	2,381	2,268	2,428	2,431	3,827	296
4	5	21	18	122	164	168	-24	100	104	88	92	100	1,601	1,465	2,556	2,635	2,351	2,403	2,556	3,499	296
3	5	25	20	132	165	132	-52	76	76	72	84	84	1,78	1,38	2,576	2,576	2,564	2,789	2,789	3,754	300
2	5	1	1	131	165	136	-64	52	52	52	60	68	1,463	1,115	1,951	1,951	1,951	2,039	2,216	3,268	300
9	5	38	38	126	166	160	-20	148	148	124	108	116	1,134	1,051	2,585	2,585	2,308	1,95	2,114	2,847	304
3	1	18	1	100	166	264	12	176	172	160	156	164	1,496	1,573	2,565	2,536	2,45	2,418	2,453	3,507	304
7	3	16	16	130	166	144	4	128	128	120	96	100	1,543	1,577	2,934	2,934	2,802	2,366	2,408	3,195	304
4	2	21	1	96	166	280	-36	192	172	172	184	188	1,202	1,075	2,187	1,852	1,852	2,095	2,087	3,297	304
9	4	1	1	110	166	224	36	204	200	180	172	168	1,155	1,295	2,783	2,734	2,394	2,278	2,193	2,986	304
3	3	19	1	111	167	224	-48	128	120	116	100	104	1,389	1,069	2,304	2,259	2,254	2,082	2,098	3,792	308
2	1	29	1	131	167	144	-44	92	88	84	84	96	1,566	1,313	2,371	2,325	2,342	2,342	2,376	3,349	308
1	1	28	23	131	167	144	-32	92	100	80	72	76	1,463	1,207	2,62	2,673	2,305	2,161	2,186	3,536	308
7	3	21	1	115	167	208	12	156	160	140	124	128	1,373	1,401	2,537	2,535	2,305	2,131	2,163	3,268	308
3	3	20	17	113	167	216	-40	124	124	112	120	148	1,399	1,213	2,578	2,578	2,286	2,337	2,808	3,623	308
10	3	29	22	99	168	276	-24	204	204	200	192	216	1,404	1,159	2,592	2,592	2,47	2,391	2,721	4,449	312
11	1	23	23	116	168	208	-16	168	176	128	124	140	1,288	1,118	2,576	2,777	2,206	2,208	2,358	3,167	312
7	4	1	1	112	168	224	8	164	168	160	168	176	1,125	1,182	2,292	2,323	2,201	2,323	2,433	3,325	312
10	2	25	16	103	168	260	12	188	192	180	196	204	1,328	1,279	2,692	2,713	2,43	2,717	2,915	3,471	312
5	1	13	13	118	169	204	-12	136	136	120	108	116	1,311	1,238	2,358	2,358	2,191	2,051	2,227	2,935	316
3	5	1	1	130	169	156	-56	64	80	56	72	68	1,401	1,097	1,914	2,093	1,827	1,991	1,957	2,834	316
2	4	30	21	141	169	112	-64	40	40	24	40	44	1,678	1,211	2,208	2,208	2,017	2,208	2,207	3,473	316
3	5	24	1	130	169	156	-44	52	44	40	72	72	1,847	1,407	2,219	2,133	2,106	2,389	2,389	3,562	316
3	4	16	16	95	169	296	8	232	240	220	228	232	1,3	1,246	2,892	3,112	2,567	2,503	2,892	3,928	316
5	3	34	1	148	170	88	-68	36	36	32	44	44	1,821	1,217	2,357	2,357	2,249	2,5	2,5	3,39	320
5	5	23	1	113	170	228	-40	120	120	112	160	160	1,281	1,128	2,046	2,046	1,983	2,691	2,691	4,241	320
2	4	21	21	141	171	120	-56	40	44	32	52	56	1,458	1,148	1,935	2,002	1,832	2,081	2,015	3,197	324
2	5	32	32	132	171	156	-68	52	52	24	84	92	1,595	1,181	1,995	1,995	1,7	2,363	2,428	3,266	324
1	1	29	1	133	172	156	-32	92	96	84	92	88	1,315	1,168	2,321	2,409	2,214	2,321	2,259	3,245	328
5	1	20	13	117	172	220	-16	124	128	124	128	144	1,29	1,186	2,442	2,512	2,442	2,512	2,704	4,171	328
11	1	27	23	117	172	220	-24	148	144	132	132	140	1,346	1,262	2,305	2,323	2,227	2,227	2,269	3,243	328
5	2	25	1	134	173	156	-32	104	108	96	108	108	1,472	1,429	2,348	2,375	2,227	2,375	2,375	3,455	332
7	2	27	1	128	173	180	-16	100	96	84	116	124	1,394	1,413	2,443	2,279	2,23	2,759	2,824	3,771	332
1	1	1	1	133	173	160	-16	112	116	96	112	108	1,118	1,04	2,189	2,266	1,939	2,189	2,095	3,047	332
3	2	26	1	142	174	128	-68	64	68	64	68	72	1,457	1,118	2,062	2,11	2,062	2,11	2,264	3,565	336
5	3	29	29	149	174	100	-76	24	24	20	40	48	1,912	1,19	2,152	2,152	2,14	2,436	2,522	3,395	336
11	1	13	13	121	174	212	-44	124	124	112	100	104	1,211	1,024	2,306	2,306	2,239	2,051	2,138	3,094	336
11	1	1	1	75	175	400	-32	344	344	180	228	228	1,064	0,994	2,419	2,419	1,895	2,137	2,137	2,92	340
6	4	22	1	111	175	256	-28	176	172	172	148	164	1,4	1,137	2,467	2,454	2,454	2,212	2,391	3,276	340
5	4	2	2	129	175	184	4	168	172	132	128	132	1,504	1,431	3,09	3,202	2,593	2,62	2,593	3,328	340
4	5	1	1	130	175	180	-56	116	116	80	84	84	1,47	1,23	2,151	2,151	1,904	1,941	1,941	2,882	340
5	2	19	19	113	175	248	20	176	188	160	148	148	1,173	1,367	2,592	2,605	2,528	2,144	2,144	3,425	340
5	5	27	1	150	176	104	-52	44	44	44	44	52	1,777	1,317	2,299	2,299	2,299	2,299	2,465	3,496	344
5	2	1	1	134	176	168	-48	108	108	64	112	116	1,605	1,426	2,612	2,612	2,018	2,646	2,721	3,801	344
5	3	1	1	148	177	116	-72	28	24	28	40	44	1,551	0,964	1,87	1,82	1,87	2,018	2,072	3,185	348
9	3	25	1	121	177	224	-60	136	128	128	120	100	1,509	1,265	2,497	2,357	2,357	2,275	2,134	3,327	348
6	1	18	1	108	177	276	-84	124	124	92	136	140	1,551	1,143	2,015	2,015	1,87	2,075	2,129	3,411	348
3	4	26	23	141	178	148	-48	84	84	80	80	96	1,665	1,388	2,434	2,434	2,402	2,402	2,65	3,141	352
7	2	19	19	125	178	212	8	152	148	120	128	136	1,158	1,131	2,605	2,454	2,271	2,436	2,361	3,484	352
6	3	21	1	95	179	336	16	232	232	212	192	196	1,187	1,171	2,826	2,826	2,618	2,425	2,44	3,865	356
8	4	1	1	131	179	192	-164	44	48	40	100	104	1,341	0,95	1,504	1,55	1,482	1,967	2,002	3,146	356
5	2	23	19	116	179	252	44	200	200	204	184	196	1,084	1,323	2,595	2,595	2,822	2,469	2,523	3,415	356
2	2	28	24	135	179	176	-60	104	96	80	92	96	1,427	1,05	2,217	2,233	2,034	2,092	2,233	3,069	356
11	2	30	25	139	179	160	-44	68	80	56	68	76	1,777	1,32	1,96	2,211	1,871	1,96	2,193	3,418	356
5	5	1	1	150	180	120	-48	40	36	36	56	56	1,759	1,245	2,266	2,212	2,212	2,558	2,558	3,683	360
2	2	24	24	135	180	180	-68	88	84	80	68	96	1,691	1,293	2,32	2,304	2,265	2,133	2,35	3,446	360
9	5	47	1	152	180	112	-68	48	48	32	56	56	1,75	1,152	2,339	2,339	2,103	2,447	2,447	3,416	360
8	1	25	1	129	180	204	-20	124	120	108	124	132	1,298	1,236	2,229	2,176	2,096	2,229	2,33	3,36	360
2	3	25	1	107	180	292	20	216	212	208	216	220	1,203	1,219	2,479	2,389	2,332	2,479	2,564	3,631	360
4	5	22	1	131	181	200	-60	104	112	64	120	136	1,821	1,38	2,185	2,225	2,147	2,267	2,528	3,399	364
10	4	29	1	109	181	288	-36	172	164	144	176	188	1,477	1,21	2,466	2,495	2,222	2,492	2,566	3,832	364
2	1	30	24	147	181	136	-72	108	108	68	88	88	1,726	1,254	2,871	2,871	2,429	2,568	2,568	3,643	364
3	2	1	1	141	181	160	-48	96	92	40	84	80	1,223	1,071	1,951	1,921	1,348	1,831	1,723	2,654	364
1	3	18	18	151	181	120	-32	108	104	76	80	84	1,384	1,217	2,701	2,673	2,073	2,124	2,147	2,955	364
2	3	21	21	153	181	112	-60	36	36	20	40	48	1,816	1,23	2,239	2,239	2,091	2,349	2,482	3,327	364
10	4	1	1	109	181	288	-40	164	160	116	180	196	1,402	1,081	2,298	2,315	1,855	2,294	2,404	3,623	364
9	4	29	19	155	182	108	-68	48	52	16	44	44	1,922	1,428	2,118	2,417	2,219	2,346	2,346	3,489	368
4	1	19	19	150	182	128	-88	28	28	20	48	52	1,557	1,124	1,706	1,706	1,788	2,135	2,205	3,55	368
5	1	22	19	137	182	180	-28	132	132	112	112	112	1,61	1,323	2,391	2,391	2,145	2,145	2,145	2,842	368
10	3	33	22	155	182	108	-64	56	56	28	52	60	1,756	1,149	2,427	2,427	1,991	2,384	2,509	3,419	368
11	2	25	25	139	182	172	-44	80	84	60	88	104	1,614	1,258	2,362	2,408	2,119	2,441	2,711	3,876	368
6	5	1	1	153	183	120	-76	40	40	28	28	32	1,548	0,986	1,846	1,846	1,724	1,724	1,733	2,578	372
4	4	26	1	147	183	144	-52	76	76	64	56	64	1,651	1,334	2,439	2,439	2,245	2,068	2,245	3,352	372
8	4	25	1	131	183	208	-160	68	72	44	120	132	1,662	1,049	1,951	1,992	1,823	2,354	2,488	3,619	372
8	1	1	1	129	183	216	-8	136	136	112	120	128	1,333	1,299	2,25	2,25	2,02	2,123	2,172	3,088	372
3	4	1	1	142	183	164	-32	76	80	52	92	112	1,547	1,243	2,289	2,315	2,081	2,561	2,972	4,009	372
5	1	19	19	136	183	188	-28	148	152	124	92	96	1,293	1,107	2,271	2,342	2,007	1,633	1,716	2,763	372
3	4	27	1	143	183	160	-48	64	64	64	96	112	1,641	1,337	2,164	2,164	2,164	2,809	3,084	3,916	372
1	4	18	18	143	183	160	-32	124	120	100	80	88	1,476	1,303	2,431	2,374	2,141	1,886	1,984	2,917	372
4	1	25	21	142	184	168	-84	64	64	48	72	80	1,544	0,992	1,85	1,85	1,709	2,021	2,112	3,344	376
9	1	1	1	156	184	112	-92	20	20	12	24	32	1,562	0,881	1,852	1,852	1,733	1,897	2,023	3,355	376
4	4	1	1	146	184	152	-48	92	84	72	80	84	1,417	1,055	2,272	2,145	1,965	2,062	2,145	3,172	376
3	1	1	1	140	184	176	-16	144	144	112	80	116	1,434	1,329	2,64	2,64	2,295	1,976	2,324	3,128	376
9	4	25	1	110	184	296	16	232	236	232	236	244	1,268	1,205	2,396	2,48	2,396	2,48	2,605	3,772	376
6	5	25	23	147	184	148	-64	56	60	44	80	84	1,401	1,05	1,785	1,79	1,764	2,045	2,067	2,914	376
10	3	1	1	143	184	164	-80	40	40	32	68	116	1,521	1,157	1,905	1,905	1,834	2,218	2,922	4,152	376
7	4	18	18	107	184	308	20	212	216	212	184	192	1,075	1,084	2,394	2,418	2,394	2,121	2,233	3,464	376
10	1	31	1	150	184	136	-104	36	40	36	56	88	1,801	1,094	2,058	2,125	2,058	2,297	2,804	3,602	376
2	3	28	21	153	185	128	-72	44	44	28	56	56	1,654	1,087	2,127	2,127	1,895	2,421	2,421	3,704	380
2	1	1	1	132	185	212	-40	128	124	120	128	120	1,345	1,148	2,284	2,229	2,154	2,284	2,154	3,205	380
9	3	24	24	152	185	132	-84	56	56	24	48	60	1,556	1,089	2,3	2,3	1,827	2,06	2,238	3,237	380
1	3	28	21	141	185	176	-48	92	92	52	92	100	1,828	1,365	2,752	2,752	2,169	2,752	2,834	3,967	380
6	4	1	1	112	185	292	-32	168	168	164	184	196	1,299	0,995	2,11	2,11	2,06	2,246	2,369	3,562	380
2	5	38	1	132	185	212	-60	88	88	68	136	136	1,379	1,049	1,955	1,955	1,84	2,414	2,414	3,533	380
4	1	21	21	143	186	172	-84	56	60	52	80	92	1,788	1,128	2,097	2,12	2,031	2,249	2,443	3,318	384
9	1	30	1	156	186	120	-96	36	36	-12	44	60	1,792	1,095	2,126	2,126	1,686	2,268	2,522	3,3	384
1	3	27	1	145	187	168	-12	120	112	88	92	104	1,526	1,411	2,553	2,463	2,162	2,224	2,353	3,176	388
6	5	23	23	147	187	160	-68	56	56	40	64	80	1,631	1,134	2,022	2,022	1,897	2,105	2,296	2,981	388
2	1	24	24	148	187	156	-88	68	68	60	88	80	1,696	1,144	2,425	2,425	2,318	2,655	2,609	3,74	388
10	3	22	22	155	188	132	-68	44	36	28	60	68	1,757	1,297	2,215	2,104	1,937	2,3	2,354	3,567	392
7	4	25	1	112	188	304	16	292	288	216	184	208	1,195	1,224	2,71	2,691	2,211	1,966	2,181	2,803	392
8	3	24	20	147	188	164	-28	100	92	88	76	88	1,753	1,544	2,551	2,454	2,392	2,379	2,392	3,464	392
3	4	23	23	141	188	188	-52	100	96	84	104	104	1,462	1,178	2,253	2,285	2,023	2,285	2,285	3,262	392
6	5	26	1	153	189	144	-76	40	40	24	36	48	1,635	1,182	1,954	1,954	1,767	1,874	2,05	2,826	396
9	3	1	1	122	189	268	-84	156	160	152	192	200	1,322	1,066	2,215	2,226	2,179	2,52	2,626	3,936	396
8	1	21	21	154	190	144	-40	76	80	64	72	88	1,577	1,367	2,278	2,284	2,178	2,113	2,296	3,277	400
7	5	1	1	127	190	252	4	204	208	184	160	168	1,241	1,314	2,537	2,568	2,351	2,107	2,181	3,083	400
9	4	19	19	155	190	140	-64	56	60	48	80	84	1,708	1,387	2,122	2,144	2,015	2,383	2,56	3,114	400
9	5	48	45	154	190	144	-72	60	56	56	44	56	1,73	1,222	2,257	2,258	2,258	2,132	2,258	3,581	400
4	3	26	23	145	190	180	-80	96	92	76	76	76	1,324	0,838	2,043	2,019	1,832	1,832	1,832	3,005	400
9	1	26	26	160	191	124	-116	16	12	4	48	64	1,614	1,031	1,728	1,687	1,641	1,948	2,12	3,093	404
10	1	33	25	148	191	172	-88	72	72	60	88	96	1,694	1,153	2,219	2,219	2,103	2,461	2,448	3,465	404
8	2	1	1	147	191	176	-40	88	84	84	84	84	1,91	1,511	2,588	2,521	2,521	2,521	2,521	3,764	404
6	1	1	1	159	191	128	-108	12	12	-16	48	68	1,773	1,101	1,902	1,902	1,598	2,254	2,568	3,254	404
8	5	1	1	144	192	192	16	148	148	116	144	124	1,151	1,209	2,33	2,33	1,777	2,257	1,929	2,9	408
6	3	26	1	152	192	160	-92	28	32	24	88	92	1,734	1,148	2,108	2,14	2,026	2,774	2,847	4,097	408
10	2	30	1	160	192	128	-112	16	12	4	60	76	1,876	1,086	1,996	1,993	1,896	2,75	2,982	3,892	408
1	4	23	18	143	192	196	-32	132	128	88	116	124	1,577	1,325	2,38	2,47	2,117	2,263	2,373	3,096	408
9	5	1	1	152	192	160	-52	48	48	40	64	60	1,58	1,104	2,087	2,087	2,004	2,313	2,259	3,744	408
10	1	1	1	150	192	168	-104	44	52	40	88	120	1,431	0,94	1,77	1,884	1,684	2,29	2,658	3,377	408
9	5	45	45	154	192	152	-76	44	44	20	72	68	1,925	1,288	2,344	2,344	2,15	2,553	2,483	3,792	408
2	5	43	34	158	192	136	-48	108	100	80	88	88	1,418	1,104	2,765	2,565	2,194	2,389	2,389	2,856	408
2	3	1	1	99	192	372	64	276	276	268	292	292	0,961	1,187	2,306	2,306	2,222	2,462	2,462	3,931	408
4	3	25	1	147	192	180	-68	56	56	32	76	84	1,436	0,944	1,809	1,809	1,612	2,086	2,131	3,235	408
4	3	23	23	146	193	188	-72	68	72	60	80	84	1,703	1,141	2,175	2,202	2,14	2,202	2,237	3,478	412
10	3	32	1	142	193	204	-84	52	52	28	108	140	1,658	1,07	2,011	2,011	1,809	2,578	2,885	3,982	412
8	1	26	21	153	193	160	-32	76	76	60	96	104	1,548	1,179	2,042	2,042	1,906	2,356	2,459	3,602	412
4	3	1	1	148	193	180	-76	52	56	40	60	80	1,496	1,09	1,912	1,945	1,771	2,013	2,191	3,63	412
10	1	25	25	149	193	176	-104	52	52	28	92	100	1,67	1,134	2,066	2,066	1,824	2,554	2,589	3,516	412
4	4	29	24	158	194	144	-76	56	60	44	68	68	1,401	1,075	1,574	1,539	1,719	1,969	1,969	3,444	416
8	3	20	20	147	194	188	-32	76	76	68	88	100	1,826	1,329	2,381	2,381	2,348	2,49	2,632	3,815	416
10	2	16	16	155	195	160	-36	112	116	104	88	96	1,659	1,499	2,623	2,963	2,549	2,377	2,473	3,231	420
10	2	28	24	145	195	200	-32	92	92	92	96	96	1,52	1,26	2,137	2,137	2,137	2,219	2,219	3,409	420
8	3	1	1	154	195	164	-36	136	136	112	88	96	1,613	1,408	2,583	2,583	2,37	2,261	2,313	2,829	420
8	4	19	19	141	196	220	-44	100	112	100	108	124	1,421	1,259	1,976	2,071	1,976	2,055	2,13	3,482	424
9	1	31	26	159	196	148	-108	36	32	-4	88	96	1,833	1,143	2,195	2,115	1,877	2,709	2,777	3,633	424
3	1	22	1	139	196	228	-12	128	128	120	104	108	1,415	1,352	2,518	2,518	2,448	2,388	2,404	3,658	424
6	3	1	1	153	196	172	-96	40	32	20	76	96	1,716	0,956	2,115	2,064	1,913	2,418	2,647	3,554	424
10	5	1	1	158	196	152	-28	120	124	92	100	108	1,57	1,21	2,663	2,718	2,187	2,296	2,414	2,976	424
3	3	19	19	167	197	120	-104	4	0	-16	52	60	1,643	1,037	1,687	1,643	1,515	2,319	2,433	3,342	428
10	2	1	1	160	197	148	-76	40	40	-8	72	48	1,541	1,002	1,917	1,917	1,454	2,309	1,987	3,196	428
7	3	1	1	158	198	160	-24	104	104	96	96	100	1,499	1,325	2,486	2,486	2,35	2,35	2,425	3,51	432
7	4	1	1	168	198	120	-52	72	76	40	52	52	1,597	1,128	2,255	2,261	1,83	2,015	2,015	2,815	432
2	1	29	29	168	199	124	-56	92	88	64	60	72	1,649	1,156	2,698	2,613	2,306	2,225	2,359	3,28	436
2	5	1	1	165	199	136	-76	44	44	32	48	56	1,378	0,901	1,724	1,724	1,586	1,786	1,876	2,972	436
4	1	1	1	158	200	168	-148	40	40	4	84	88	1,55	0,812	1,784	1,784	1,593	2,118	2,173	3,132	440
3	5	28	20	159	200	164	-20	116	112	92	92	100	1,374	1,169	2,539	2,503	1,923	1,923	2,042	3,694	440
10	2	24	24	145	200	220	-36	128	120	108	136	120	1,314	1,095	2,171	2,139	2,046	2,246	2,139	2,999	440
2	5	44	1	165	200	140	-72	44	36	32	56	60	1,703	1,187	2,055	2,012	1,95	2,176	2,157	3,033	440
9	3	21	21	161	200	156	-96	56	48	12	56	60	1,6	1,091	1,905	1,866	1,699	1,905	2,066	3,223	440
5	2	25	25	173	201	112	-52	64	68	56	36	52	1,648	1,184	2,548	2,449	2,401	1,989	2,289	3,412	444
8	5	25	25	141	201	240	-4	156	148	128	132	140	1,111	1,12	2,236	2,171	2,029	2,039	2,198	2,615	444
8	5	30	1	144	202	232	8	196	204	180	156	168	1,195	1,252	2,463	2,521	2,238	2,038	2,133	2,721	448
1	4	1	1	157	202	180	-64	116	108	96	96	108	1,445	1,164	2,328	2,246	2,124	2,124	2,246	3,087	448
4	1	28	1	157	202	180	-112	28	32	20	100	116	1,524	1,131	1,717	1,766	1,705	2,297	2,489	3,398	448
10	3	27	1	92	202	440	8	260	248	240	324	336	1,474	1,433	2,62	2,533	2,49	3,033	3,151	4,452	448
5	1	1	1	148	203	220	-36	148	148	136	140	136	1,308	1,172	2,142	2,142	1,978	2,039	1,978	3,181	452
2	1	32	29	167	203	144	-60	72	72	56	80	76	1,624	1,2	2,39	2,39	2,135	2,522	2,5	3,413	452
7	3	24	1	158	203	180	-20	116	120	112	100	112	1,651	1,514	2,75	2,775	2,689	2,501	2,689	3,456	452
4	2	25	15	155	203	192	-76	104	92	84	96	100	1,417	1,034	2,236	2,054	1,959	2,12	2,173	3,145	452
6	1	26	1	160	203	172	-112	20	20	-16	68	68	1,887	1,068	2,072	2,072	1,688	2,395	2,395	3,527	452
5	2	31	1	177	203	104	-64	56	48	44	40	52	1,983	1,358	2,538	2,385	2,286	2,256	2,466	3,326	452
5	2	1	1	176	204	112	-64	60	68	48	48	52	1,733	1,216	2,414	2,531	2,278	2,278	2,329	3,213	456
5	2	30	25	173	204	124	-36	76	80	68	64	64	1,705	1,348	2,566	2,586	2,341	2,405	2,405	3,184	456
7	5	22	22	164	205	164	-80	52	52	24	72	76	1,674	1,157	2,24	2,24	1,975	2,366	2,415	3,57	460
4	4	24	24	160	206	184	-80	72	76	32	96	92	1,806	1,384	2,371	2,501	2,083	2,755	2,702	3,825	464
8	4	1	1	179	207	112	-140	20	20	-4	36	32	1,524	0,833	1,811	1,811	1,505	1,914	1,895	3,406	468
3	4	27	27	183	207	96	-92	28	32	16	20	24	1,909	1,057	2,104	2,196	2,043	2,094	2,076	2,921	468
1	1	34	1	173	207	136	-28	80	80	80	72	72	1,525	1,342	2,296	2,296	2,296	2,156	2,156	3,11	468
10	5	26	26	154	207	212	-32	128	132	104	108	112	1,401	1,171	2,316	2,393	2,045	2,136	2,162	3,187	468
3	5	24	24	168	207	156	-100	32	36	32	72	72	1,697	1,152	1,897	1,929	1,897	2,253	2,253	3,752	468
5	5	27	27	176	208	128	-64	60	60	44	64	64	1,613	1,113	2,373	2,373	2,034	2,525	2,525	3,745	472
1	1	23	23	162	208	184	-28	104	100	100	112	116	1,566	1,526	2,39	2,361	2,361	2,475	2,546	3,781	472
5	3	34	34	170	208	152	-56	60	64	28	48	56	1,524	1,009	2,019	2,115	1,715	1,877	1,989	3,437	472
4	2	1	1	96	208	448	-28			164	288	304	1,326	1,092			2,104	2,648	2,721	3,765	472
7	4	28	1	169	208	156	-64	64	64	48	64	68	1,565	1,213	2,022	2,022	1,887	2,022	2,066	3,12	472
3	5	1	1	169	208	156	-88	76	76	72	80	72	1,26	0,882	1,759	1,759	1,708	1,825	1,708	2,736	472
7	3	21	21	167	209	168	-52	72	76	64	64	72	1,56	1,244	1,926	1,968	1,904	1,904	1,926	3,23	476
2	3	25	25	180	209	116	-76	52	44	36	44	48	1,723	1,291	2,249	2,163	2,132	2,163	2,201	3,126	476
10	4	37	1	180	209	116	-116	4	4	-20	60	68	1,819	1,319	1,817	1,817	1,654	2,592	2,772	3,704	476
9	5	47	47	180	209	116	-64	40	40	32	44	60	1,64	1,182	2,062	2,062	1,949	2,141	2,423	3,3	476
3	5	27	24	169	209	160	-116	44	44	20	72	80	1,655	1,013	2,013	2,013	1,784	2,153	2,201	3,098	476
1	3	1	1	146	209	252	-16	112	96	96	132	156	1,362	1,17	2,073	2,002	2,002	2,254	2,523	3,812	476
1	3	21	21	141	210	276	-48	132	132	120	140	156	1,407	1,19	2,218	2,218	2,274	2,235	2,432	3,769	480
2	2	1	1	141	210	276	0	204	208	196	172	188	1,295	1,295	2,416	2,452	2,31	2,149	2,248	3,202	480
3	4	1	1	182	210	112	-80	24	24	8	44	40	1,874	1,185	2,14	2,14	1,988	2,28	2,254	3,149	480
2	3	30	25	180	210	120	-80	52	56	24	76	64	1,733	1,144	1,961	1,975	1,872	2,352	2,172	3,093	480
7	3	25	21	165	211	184	-36	104	104	84	92	112	1,496	1,348	2,331	2,331	2,066	2,193	2,356	3,553	484
3	4	32	27	183	211	112	-96	16	20	0	36	44	1,844	1,131	2,065	2,091	1,844	2,189	2,265	3,316	484
3	3	23	1	162	211	196	-92	48	44	12	112	124	1,444	1,138	1,741	1,704	1,47	2,246	2,409	3,416	484
10	3	36	1	184	212	112	-108	-16	-16	-28	40	56	2,134	1,147	1,934	1,934	1,7	2,518	2,756	3,76	488
3	4	31	1	182	212	120	-96	12	8	4	24	28	1,818	1,065	1,986	1,93	1,894	2,095	2,109	3,066	488
4	5	1	1	175	212	148	92	92		72	88	92	1,263	2,079	2,079		1,756	2,001	2,079	2,718	488
1	1	29	29	172	212	160	-68	80	76	64	84	100	1,613	1,281	2,293	2,265	2,111	2,366	2,672	3,425	488
3	1	24	18	167	212	180	-96	92	92	88	112	120	1,406	1,148	2,039	2,039	1,956	2,254	2,337	3,676	488
1	4	24	1	157	212	220	-48	136	132	104	124	132	1,278	1,157	2,123	2,098	1,874	1,984	2,098	3,229	488
3	5	20	20	160	213	212	-28	136	144	112	120	128	1,361	1,281	2,23	2,345	1,889	1,94	2	3,523	492
10	3	1	1	183	213	120	-120	-16	-16	-36	36	48	1,755	0,835	1,579	1,579	1,371	2,159	2,387	3,322	492
3	3	1	1	162	214	208	-104	52	56	52	92	120	1,421	0,883	1,652	1,668	1,652	1,962	2,166	3,08	496
4	5	18	18	163	214	204	-44	92	88	80	96	112	1,619	1,608	2,286	2,222	2,121	2,33	2,767	3,682	496
8	4	30	1	179	214	140	-144	8	16	-4	60	72	1,423	0,718	1,479	1,534	1,413	1,974	2,112	3,303	496
6	4	22	22	175	215	160	-80	72	68	52	80	84	1,514	1,188	2,06	2,019	1,943	2,242	2,28	3,274	500
10	4	1	1	181	215	136	-112	-8	-4	-16	44	60	1,601	0,987	1,512	1,596	1,462	2,14	2,346	3,631	500
10	4	38	29	182	215	132	-132	40	40	16	48	48	1,784	1,078	1,876	1,876	1,856	2,048	2,048	3,098	500
4	5	25	1	175	215	160	-60	88	96	84	88	120	1,441	1,22	2,084	2,093	2,057	2,084	2,308	2,857	500
9	5	52	47	180	216	144	-64	52	56	48	52	64	1,592	1,156	1,907	2,005	1,882	1,907	2,219	3,417	504
2	2	24	24	180	217	148	-96	40	44	20	60	76	1,64	1,141	1,895	1,94	1,775	2,265	2,388	3,255	508
5	3	38	1	177	217	160	-88	48	52	40	80	88	1,506	0,903	1,828	1,879	1,799	2,192	2,283	3,389	508
4	5	26	22	182	217	140	-96	80	80	52	52	68	1,725	1,045	2,283	2,283	2,02	2,02	2,133	2,88	508
2	3	1	1	193	218	100	-100	44	44	12	48	48	1,924	1,116	2,376	2,376	2,024	2,438	2,438	3,274	512
6	3	28	26	191	218	108	-128	8	8	0	44	60	1,915	1,059	2,091	2,091	1,915	2,347	2,641	3,905	512
8	1	29	1	183	218	140	-80	64	68	48	60	60	1,514	1,251	2,12	2,191	1,842	2,033	2,033	3,074	512
1	1	33	29	171	219	192	-36	96	96	88	100	100	1,473	1,128	2,053	2,053	1,997	2,126	2,126	3,366	516
10	4	29	29	181	219	152	-116	48	48	16	60	96	1,94	1,417	2,327	2,327	2,043	2,515	2,795	3,615	516
2	3	21	21	181	219	152	-72	40	40	32	52	80	1,584	1,253	1,83	1,83	1,89	1,976	2,218	3,372	516
4	2	21	21	166	219	212	-84	76	72	48	92	120	1,483	1,012	2,149	2,159	1,816	2,288	2,579	3,997	516
5	1	24	1	148	219	284	-24	228	224	172	200	216	1,202	1,052	2,469	2,476	1,99	2,163	2,391	2,992	516
7	5	26	1	128	220	368	0	208	220	200	276	280	1,283	1,283	2,36	2,452	2,327	2,799	2,794	3,835	520
6	1	27	18	177	221	176	-152	72	76	4	76	88	1,707	1,055	2,176	2,237	1,698	2,237	2,326	4,914	524
5	3	1	1	177	221	176	-88	64	64	36	36	32	1,509	0,966	2,038	2,038	1,803	1,803	1,752	3,519	524
8	1	1	1	183	221	152	-80	72	68	60	64	68	1,397	0,999	2,088	2,045	1,91	1,963	2,045	2,912	524
2	2	30	1	141	221	320	-24	168	172	156	224	244	1,432	1,253	2,187	2,177	2,109	2,555	2,758	3,925	524
6	3	21	21	179	221	168	-108	72	72	44	96	76	1,782	1,54	2,288	2,288	2,078	2,583	2,438	3,62	524
10	1	36	31	184	221	148	-92	8	8	-12	64	64	1,639	1,052	1,78	1,78	1,477	2,318	2,318	3,599	524
10	1	31	31	184	222	152	-100	8	8	-8	56	84	1,784	1,045	1,864	1,864	1,667	2,312	2,574	3,425	528
5	5	1	1	180	222	168	-84	48	48	20	92	88	1,761	1,148	2,145	2,145	1,9	2,503	2,438	3,21	528
5	5	30	1	180	222	168	-84	32	36	28	88	96	1,722	1,064	1,894	1,896	1,882	2,52	2,632	3,634	528
9	1	1	1	184	222	152	-84	40	40	28	64	68	1,585	0,974	1,966	1,966	1,801	2,179	2,197	3,351	528
10	2	30	30	194	223	116	-120	4	4	-8	44	64	1,97	1,079	2,031	2,031	1,983	2,479	2,813	3,729	532
6	4	1	1	185	223	152	-124	12	12	-4	28	64	1,669	1,051	1,814	1,814	1,654	1,872	2,166	3,331	532
2	3	34	1	192	223	124	-100	60	48	28	48	60	1,882	1,165	2,375	2,198	2,008	2,198	2,375	3,187	532
9	1	30	30	187	223	144	-92	28	28	12	60	84	1,605	1,08	1,879	1,879	1,72	2,157	2,554	3,302	532
9	1	33	1	184	224	160	-96	28	32	24	76	84	1,615	0,887	1,721	1,76	1,704	2,302	2,451	3,525	536
6	3	26	26	192	224	128	-132	8	8	-32	44	52	1,967	1,049	2,011	2,011	1,567	2,433	2,481	3,78	536
4	1	21	21	187	224	148	-120	28	28	4	64	92	1,547	1,055	1,77	1,77	1,572	2,203	2,529	3,517	536
1	3	32	27	187	224	148	-56	100	88	84	84	88	1,532	1,311	1,972	1,796	1,88	1,88	1,796	2,697	536
9	1	34	30	185	225	160	-84	44	44	16	36	60	1,487	1,023	1,882	1,882	1,571	1,806	2,112	3,638	540
5	4	23	2	176	225	196	-16	140	148	132	132	128	1,319	1,533	2,355	2,404	2,262	2,262	2,205	3,075	540
2	5	38	38	185	225	160	-112	20	24	8	88	88	1,704	1,073	1,939	2,013	1,762	2,548	2,548	3,406	540
5	4	2	2	175	226	204	-28	200	200	172	136	144	1,596	1,39	2,856	2,856	2,716	2,27	2,315	2,887	544
8	1	28	25	180	226	184	-80	76	76	64	60	68	1,613	1,104	2,14	2,14	1,975	2,047	2,168	3,624	544
10	3	40	32	194	226	128	-152	-12	-12	-48	52	60	2,013	1,12	1,949	1,949	1,851	2,479	2,579	3,719	544
1	4	23	23	192	226	136	-68	120	112	76	56	64	1,576	1,252	2,457	2,361	1,927	1,808	1,84	2,671	544
1	1	1	1	173	226	212	-44	92	92	84	108	104	1,357	1,096	2,083	2,083	2,014	2,16	2,154	3,359	544
4	3	1	1	194	227	132	-120	16	16	-12	44	48	1,707	1,065	1,821	1,821	1,626	2,199	2,233	3,198	548
9	5	53	1	192	227	140	-112	8	12	-4	56	76	1,745	1,012	1,829	1,856	1,683	2,378	2,637	3,554	548
4	4	31	1	185	227	168	-76	52	56	48	56	92	1,568	1,139	2,03	2,043	1,984	2,043	2,555	3,735	548
9	5	1	1	191	227	144	-116	4	4	-32	72	68	1,809	1,033	1,728	1,728	1,452	2,453	2,391	3,176	548
8	5	32	1	193	227	136	-52	92	96	76	64	68	1,488	1,113	2,191	2,272	2,022	1,914	1,927	2,598	548
4	4	1	1	184	227	172	-64	64	72	64	60	112	1,45	0,969	1,903	1,998	1,903	1,91	2,471	3,192	548
2	1	38	32	202	227	100	-68	80	80	72	64	76	1,625	1,136	2,664	2,664	2,398	2,255	2,415	2,836	548
10	3	32	32	193	227	136	-136	-24	-28	-60	52	60	1,793	0,942	1,588	1,571	1,285	2,247	2,358	3,391	548
3	3	30	19	196	228	128	-108	32	32	-12	68	84	1,578	0,791	1,775	1,775	1,338	2,399	2,57	3,268	552
3	1	18	18	167	228	244	-96	92	92	80	120	136	1,918	1,389	2,189	2,189	2,075	2,272	2,344	3,653	552
10	2	34	30	193	228	140	-104	20	20	12	52	68	1,727	1,032	1,978	1,978	1,832	2,342	2,494	3,363	552
2	1	33	1	185	228	172	-88	132	128	92	104	112	1,604	1,207	2,431	2,414	2,127	2,217	2,199	2,891	552
8	2	20	1	190	228	152	-84	52	52	40	40	60	1,877	1,373	2,184	2,184	2,045	2,045	2,318	3,402	552
3	1	25	1	184	229	180	-36	136	132	108	104	108	1,514	1,246	2,382	2,356	2,191	2,207	2,191	2,93	556
3	1	1	1	184	229	180	-36	104	108	88	88	88	1,476	1,194	2,27	2,315	2,052	2,052	2,052	2,962	556
6	3	29	1	195	229	136	-136	20	16	8	48	64	1,712	1,065	1,896	1,845	1,812	2,124	2,366	3,309	556
6	1	28	1	191	230	156	-112	40	40	32	80	96	1,642	1,149	2	2	1,916	2,365	2,608	3,543	560
10	5	1	1	196	230	136	-32	108	104	96	88	96	1,401	1,269	2,621	2,497	2,341	2,187	2,341	2,998	560
4	1	33	1	200	232	128	-120	48	44	24	44	48	1,523	0,934	2,07	2,008	1,748	2,008	2,07	3,17	568
8	4	34	1	206	232	104	-80	24	24	4	24	24	1,686	1,044	1,987	1,987	1,716	1,987	1,987	3,314	568
4	3	25	25	191	232	164	-108	16	16	-24	84	92	1,679	1,132	1,804	1,804	1,534	2,268	2,386	3,624	568
3	3	19	19	197	232	140	-124	32	28	20	44	44	1,637	0,887	1,798	1,897	1,684	1,865	1,865	3,16	568
4	3	33	25	192	233	164	-116	32	32	4	72	84	1,328	0,848	1,608	1,608	1,397	2,089	2,133	3,492	572
8	1	25	25	180	233	212	-84	72	76	64	104	116	1,557	1,098	2,009	2,041	1,93	2,258	2,382	3,435	572
4	1	28	28	201	233	128	-104	32	32	12	60	80	1,698	1,089	1,95	1,95	1,844	2,29	2,619	3,33	572
8	5	1	1	192	234	168	-44	128	116	60	96	112	1,286	1,181	2,455	2,283	1,639	1,966	2,226	2,993	576
4	1	34	28	200	234	136	-132	44	44	8	44	48	1,45	0,837	1,793	1,793	1,464	1,793	1,868	3,414	576
3	5	31	1	169	234	260	-68	84	84	76	136	128	1,369	1,187	1,73	1,73	1,704	2,113	2,09	3,571	576
6	1	1	1	191	234	172	-104	56	60	40	92	104	1,429	0,883	1,839	1,844	1,746	2,102	2,202	3,243	576
7	5	1	1	190	235	180	-60	124	128	76	88	96	1,446	1,103	2,267	2,313	1,891	2,011	2,026	2,854	580
8	2	1	1	191	235	176	-96	56	60	36	52	56	1,616	1,165	2,136	2,192	1,93	2,096	2,136	3,557	580
6	1	26	26	202	236	136	-148	28	28	8	76	80	1,823	1,151	2,089	2,089	1,897	2,603	2,662	3,494	584
4	4	26	26	183	236	212	-76	112	112	88	72	96	1,636	1,071	2,026	2,026	1,917	1,89	2,024	3,162	584
8	5	25	25	200	237	148	-80	100	100	72	60	60	1,393	1,161	2,102	2,102	1,99	1,816	1,816	2,552	588
10	4	37	37	209	237	112	-116	-4	-4	-32	24	52	1,801	0,974	1,801	1,801	1,59	1,968	2,41	3,688	588
7	3	29	24	202	237	140	-56	56	56	48	68	64	1,498	1,373	1,701	1,701	1,628	1,945	1,872	3,267	588
3	5	37	24	206	237	124	-112	4	4	-20	40	44	1,683	1,022	1,85	1,85	1,543	2,222	2,309	4,07	588
2	1	32	32	203	237	136	-68	64	56	52	56	56	1,571	1,311	2,265	2,162	2,012	2,162	2,162	3,566	588
10	4	39	37	209	237	112	-124	16	16	-32	28	52	1,716	0,854	1,856	1,856	1,378	2,037	2,371	3,598	588
7	3	24	24	203	237	136	-68	48	64	48	60	60	1,795	1,359	2,09	2,436	2,09	2,254	2,254	3,226	588
3	1	26	22	194	238	176	-92	52	52	28	80	68	1,674	1,269	2,053	2,053	1,879	2,17	2,047	3,309	592
7	3	1	1	198	238	160	-56	64	64	56	60	72	1,543	1,052	2,154	2,154	2,026	2,107	2,236	3,252	592
2	5	50	44	199	238	156	-96	72	72	28	84	96	1,434	1,056	2,101	2,101	1,594	2,118	2,367	3,153	592
1	4	18	18	183	239	224	-36	124	128	120	124	140	1,346	1,165	2,041	2,065	1,96	2,041	2,186	3,185	596
6	1	29	26	202	239	148	-148	20	28	8	52	64	1,439	0,921	1,661	1,684	1,503	1,932	2,093	3,382	596
4	4	32	26	182	239	228	-64	108	108	100	112	124	1,581	1,296	1,87	1,87	1,91	1,767	2,199	3,477	596
1	1	38	34	207	239	128	-56	100	104	76	64	76	1,499	1,089	2,396	2,473	2,074	2,07	2,074	2,737	596
6	5	1	1	183	240	228	-48	100	96	84	140	164	1,276	1,065	1,823	1,807	1,682	2,076	2,33	3,12	600
4	1	1	1	200	240	160	-132	44	44	20	64	72	1,426	0,872	1,806	1,806	1,674	1,987	2,055	3,146	600
5	2	34	31	202	240	152	-52	60	60	48	68	72	1,639	1,262	2,134	2,134	1,986	2,352	2,269	3,671	600
3	5	24	24	207	240	132	-128	0	8	-12	44	64	1,784	0,891	1,784	1,838	1,638	2,227	2,463	3,536	600
1	3	27	27	187	240	212	-52	112	112	108	100	92	1,494	1,18	2,171	2,171	2,165	2,106	2,072	3,079	600
2	1	37	29	198	241	172	-32	100	100	72	104	112	1,575	1,336	2,378	2,378	2,012	2,509	2,535	3,8	604
10	3	41	36	212	241	116	-128	8	12	-16	40	56	1,79	0,988	1,877	1,863	1,587	2,294	2,452	3,275	604
1	4	32	1	202	241	156	-68	72	68	64	84	92	1,63	1,243	2,31	2,257	2,208	2,495	2,612	3,955	604
2	2	38	1	210	241	124	-68	48	48	44	64	72	1,569	1,096	1,99	1,99	1,946	2,184	2,268	3,232	604
3	3	32	23	211	242	124	-116	4	4	-32	56	48	1,709	1,072	1,691	1,691	1,542	2,072	1,99	3,181	608
7	3	28	1	199	242	172	-64	56	56	44	96	100	1,832	1,399	2,226	2,226	2,114	2,689	2,762	3,731	608
2	5	44	44	199	242	172	-92	100	96	96	96	100	1,41	1,001	2,222	2,173	2,173	2,173	2,222	2,882	608
5	5	27	27	208	242	136	-72	52	52	32	60	68	1,641	1,086	2,067	2,067	1,969	2,183	2,362	3,458	608
3	5	1	1	207	243	144	-80	68	64	60	68	72	1,241	0,881	1,858	1,818	1,751	1,858	1,851	2,441	612
7	4	1	1	198	243	180	-36	84	80	76	96	108	1,259	1,093	1,872	1,786	1,749	1,969	2,111	3,282	612
10	2	1	1	198	243	180	-112	28	12	-4	104	120	1,466	0,946	1,604	1,541	1,406	2,165	2,385	3,427	612
2	1	1	1	185	243	232	-72	192	204	124	136	152	1,466	1,127	2,481	2,564	2,046	2,105	2,159	2,886	612
6	5	23	23	187	243	224	-104	76	84	60	124	140	1,484	1,075	1,925	1,98	1,749	2,35	2,447	3,389	612
7	4	30	1	198	243	180	-48	104	104	88	112	92	1,37	1,232	1,94	1,94	1,805	2,106	1,822	3,148	612
8	4	35	30	214	244	120	-112	24	24	16	40	40	1,449	0,764	1,683	1,683	1,588	1,858	1,858	2,94	616
5	1	29	1	203	244	164	-72	104	104	76	72	72	1,613	1,073	2,326	2,326	2,133	2,083	2,083	3,113	616
10	4	1	1	215	244	116	-144	-16	-16	-64	48	72	1,759	0,794	1,635	1,635	1,326	2,392	2,603	3,391	616
5	2	31	31	203	244	164	-52	80	80	76	60	76	1,518	1,161	2,186	2,186	2,157	1,989	2,157	3,46	616
6	3	1	1	195	244	196	-136	16	20	4	76	100	1,554	0,998	1,671	1,704	1,577	2,181	2,348	3,347	616
3	1	22	22	195	244	196	-100	44	44	40	108	104	1,747	1,222	1,992	1,992	1,972	2,455	2,447	3,556	616
5	1	19	19	183	245	248	-36	188	184	152	144	148	1,228	1,044	2,511	2,482	2,15	2,098	2,137	3,034	620
4	5	1	1	212	245	132	-52	68	68	44	56	64	1,287	1,091	2,071	2,071	1,678	1,88	2,002	3,039	620
5	3	34	34	209	245	144	-96	20	20	4	44	56	1,792	1,051	1,813	1,813	1,681	2,07	2,376	3,547	620
3	5	35	1	208	245	148	-80	56	52	32	72	68	1,258	0,852	1,734	1,673	1,418	1,84	1,834	2,729	620
10	2	35	1	195	245	200	-104	40	36	24	124	124	1,561	0,939	1,791	1,785	1,718	2,64	2,64	3,823	620
1	3	1	1	210	246	144	-20	116	120	56	76	84	1,836	1,682	3,237	3,308	2,337	2,632	2,784	3,73	624
1	3	33	1	210	246	144	-160	-16	-8	-40	48	92	1,798	1,016	1,696	1,758	1,467	2,232	2,805	3,539	624
2	2	1	1	211	246	140	-64	92	92	44	80	68	1,446	1,237	2,381	2,381	1,745	2,137	1,918	3,052	624
2	2	30	30	221	247	104	-140	-12	-8	-16	56	68	1,907	1,171	1,784	1,765	1,745	2,768	2,996	3,699	628
2	5	49	1	198	247	196	-88	64	72	60	88	124	1,418	0,902	1,858	1,909	1,825	2,125	2,486	3,624	628
8	5	37	30	202	247	180	-28	116	116	104	116	108	1,45	1,34	1,855	1,855	1,723	1,855	1,726	3,499	628
10	3	36	36	212	248	144	-132	-12	-8	-24	64	68	1,784	0,908	1,635	1,681	1,59	2,38	2,427	3,961	632
3	4	1	1	210	248	152	-80	76	84	60	80	72	1,35	1,021	1,957	1,995	1,75	1,984	1,915	2,914	632
7	5	30	1	191	248	228	-48	92	92	80	136	132	1,501	1,256	1,955	1,955	1,949	2,428	2,37	3,482	632
4	5	27	1	213	248	140	-48	72	68	60	64	68	1,32	1,08	2,011	1,988	1,89	1,903	1,988	3,076	632
1	1	34	34	207	248	164	-52	92	96	88	100	96	1,448	1,239	2,176	2,247	2,078	2,351	2,247	3,204	632
5	3	38	38	218	249	124	-120	-8	-8	-36	56	60	1,524	0,821	1,523	1,523	1,263	2,113	2,177	3,11	636
2	1	29	29	199	249	200	-36	104	104	100	124	144	1,589	1,277	2,362	2,362	2,325	2,579	2,917	3,954	636
3	4	31	31	213	249	144	-92	56	60	32	56	60	1,565	1,151	1,964	1,978	1,78	1,964	1,978	3,006	636
8	4	30	30	215	250	140	-140	24	28	-16	48	64	1,672	0,779	1,749	1,935	1,546	2,017	2,292	3,689	640
10	3	1	1	213	250	148	-136	0	4	-4	56	60	1,463	0,759	1,463	1,458	1,428	1,82	1,894	2,939	640
9	1	1	1	222	251	116	-92	40	56	32	56	64	1,623	1,148	1,979	2,113	1,908	2,113	2,167	2,701	644
1	1	29	29	211	251	160	-84	52	52	28	88	92	1,758	1,147	2,025	2,025	1,869	2,388	2,607	3,648	644
1	4	1	1	202	251	196	-64	104	100	88	100	104	1,264	1,053	1,914	1,885	1,828	1,885	1,914	3,194	644
10	2	30	30	223	252	116	-108	8	12	0	48	52	1,737	1,051	1,82	1,874	1,737	2,398	2,482	3,697	648
4	2	21	21	220	252	128	-140	-24	-24	-48	28	20	1,993	1,131	1,747	1,747	1,716	2,281	2,209	3,721	648
3	3	23	23	211	252	164	-140	20	16	-24	76	100	1,531	0,822	1,622	1,6	1,323	2,163	2,393	3,171	648
6	4	22	22	215	252	148	-88	56	56	52	72	88	1,582	1,07	2,001	2,001	1,89	2,405	2,45	3,395	648
3	4	35	1	210	252	168	-84	64	64	28	60	72	1,598	1,146	2,08	2,08	1,815	2,047	2,231	3,527	648
10	2	38	30	223	253	120	-116	8	12	-4	44	68	1,822	0,961	1,875	1,861	1,769	2,24	2,633	3,645	652
5	2	1	1	204	253	196	-60	80	80	52	96	100	1,412	1,177	1,959	1,959	1,734	2,157	2,195	3,58	652
5	2	35	1	204	253	196	-44	80	72	68	92	100	1,614	1,252	2,198	2,132	2,091	2,426	2,555	3,916	652
5	3	44	38	217	253	144	-120	8	8	-20	48	48	1,651	0,961	1,698	1,698	1,515	1,944	1,944	3,773	652
2	5	1	1	199	253	216	-88	64	68	56	104	120	1,335	0,852	1,669	1,713	1,639	2,148	2,236	3,324	652
7	4	28	28	209	253	176	-104	40	44	40	76	92	1,424	1,033	1,724	1,738	1,724	2,09	2,241	3,42	652
5	3	1	1	221	254	132	-140	-16	-8	-28	52	60	1,693	0,928	1,594	1,636	1,424	2,196	2,22	3,217	656
4	2	31	21	219	254	140	-136	-12	-8	-16	36	32	1,846	1,018	1,782	1,794	1,737	2,231	2,172	3,93	656
5	3	43	1	222	255	132	-112	8	4	-24	52	64	1,613	1,004	1,666	1,635	1,556	2,041	2,185	3,43	660
6	4	34	29	222	255	132	-124	4	4	-12	32	40	1,956	1,037	2,084	2,084	1,841	2,23	2,501	4,03	660
1	4	33	24	212	255	172	-88	100	92	88	96	108	1,534	1,034	2,236	2,111	2,042	2,171	2,323	3,17	660
6	5	26	26	189	256	268	-96	112	116	64	172	192	1,327	1,103	1,992	2,008	1,712	2,339	2,479	3,302	664
5	1	1	1	203	257	216	-60	116	116	88	160	160	1,39	1,148	1,967	1,967	1,874	2,542	2,542	3,509	668
3	4	36	31	213	258	180	-96	48	48	36	100	76	1,383	0,972	1,541	1,541	1,48	2,215	2,02	3,63	672
9	1	33	33	224	258	136	-132	-16	-4	-24	48	56	1,66	0,878	1,574	1,677	1,515	2,134	2,165	3,275	672
6	5	30	26	189	258	276	-112	100	104	64	184	212	1,326	0,838	1,774	1,823	1,532	2,479	2,632	3,863	672
3	3	31	1	213	258	180	-144	32	28	-16	80	88	1,546	0,825	1,74	1,684	1,48	1,981	2,045	3,125	672
2	3	25	25	209	259	200	-68	92	92	80	104	108	1,458	0,999	2,199	2,199	2,012	2,2	2,343	3,678	676
6	5	27	1	183	260	308	-68	136	136	92	176	164	1,151	0,968	1,718	1,718	1,517	1,861	1,822	3,383	680
7	5	26	26	220	262	168	-160	44	44	24	56	64	1,865	1,176	2,081	2,081	2,049	2,138	2,27	3,374	688
10	4	40	1	215	264	196	-140	88	92	16	68	116	1,666	0,758	2,545	2,65	1,833	2,205	2,959	4,187	696